house_id,location,sqft,bedrooms,bathrooms,age_years,garage,has_pool,lot_size,renovated,sale_year,sale_month,school_rating,distance_to_city_km,price
201,Old Town,2000,6,3,50,2,0,1322,1,2026,8,6,6.1,288263
585,Hillcrest,2520,3,2.5,8,0,0,5288,0,2026,7,3,3.1,397048
808,Hillcrest,1706,3,3,50,2,0,5741,1,2026,9,9,4.8,350497
896,Old Town,2403,3,2,5,2,0,6644,1,2023,3,3,15.3,313767
337,Lakeside,1259,2,1,20,1,0,7731,1,2024,6,1,5.8,301964
315,Downtown,1777,3,3,78,1,0,4870,0,2025,3,1,9.9,355892
312,West End,1203,4,1.5,28,1,1,7052,0,2022,7,7,5.7,203762
199,West End,1564,3,3,75,3,0,5683,0,2025,12,8,9.8,261582
1031,Old Town,1735,4,3.5,37,2,0,8682,0,2026,6,2,2.9,257475
190,GREEN VALLEY  ,2903,1,,64,0,0,2295,0,2026,5,6,13.7,348285
191,Downtown,1937,4,2,67,1,0,8143,1,2026,5,2,11.9,490623
50,Lakeside,1572,3,2.5,62,2,0,4534,1,2026,8,7,1,380745
647,West End,2700,2,2.5,35,1,0,3520,0,2023,1,1,6.7,361196
336,Green Valley,1429,4,1,29,1,0,1000,1,2025,11,3,5.9,213459
484,Hillcrest,1379,3,2,76,2,0,8349,0,2025,3,9,1.8,271080
1069,North Ridge,1262,4,2,75,1,1,11448,0,2024,8,9,2.2,297977
415,Old Town,2086,3,3,2,2,0,6859,1,2025,2,1,9.4,292317
268,Lakeside,2098,5,1.5,33,0,0,,0,2025,3,10,11.2,506472
256,North Ridge,779,3,1,64,,0,6528,0,2024,3,10,6.2,193089
120,Green Valley,958,1,2.5,15,0,0,,0,2026,5,5,15.9,171415
284,Downtown,1500,2,2,53,2,0,8135,0,2022,2,1,7.3,305895
859,Downtown,1406,1,2.5,9,1,0,3298,0,2024,11,1,1.6,348436
1094,Green Valley,1749,6,2,34,1,0,9539,0,2023,10,5,5.4,278403
82,West End,1201,2,2,22,2,1,8060,0,2025,1,10,16.5,236348
600,West End,2483,2,2,50,2,0,6753,1,2026,6,1,1.1,371482
542,Downtown,400,4,1.5,11,1,0,9497,0,2025,5,6,4.4,223027
962,Old Town,1558,3,1.5,67,0,0,4666,1,2026,11,10,1.2,249805
322,West End,2239,6,2,70,1,0,1000,0,2023,5,2,9.2,298203
232,North Ridge,921,2,1.5,78,2,0,6939,0,2026,6,1,0.5,182663
305,Lakeside,1510,3,2.5,60,2,0,8322,0,2024,12,8,2.1,390929
660,Downtown,1083,4,3.5,64,1,0,11606,0,2026,7,1,3.1,319630
999,Downtown,1134,5,3,38,2,0,7230,1,2022,7,1,4.5,319669
237,West End,2121,3,2.5,18,3,0,6623,0,2025,12,7,2.9,390096
481,Downtown,2710,3,2.5,65,0,0,,0,2025,5,10,2.5,575226
513,Downtown,2059,5,3,52,1,0,6494,0,2026,7,1,28.1,467035
992,Hillcrest,1674,3,1,58,1,0,4563,0,2026,6,6,11.4,294449
346,North Ridge,1548,5,2.5,79,1,0,4525,0,2023,3,1,11.4,275614
134,Lakeside,1081,2,3,15,3,0,7241,1,2022,7,3,7,287362
679,Downtown,1946,3,1,27,3,0,5261,0,2022,6,5,5.8,431920
1154,Lakeside,1200,3,1.5,11,1,0,7850,0,2024,12,5,7.5,276965
823,Old Town,2084,2,2.5,48,1,0,1000,0,2026,9,2,0.5,232708
1163,Green Valley,1213,2,2,37,1,0,8179,0,2025,10,3,6.8,216118
947,North Ridge,2885,3,2,68,0,0,,0,2024,4,9,1.3,483953
673,West End,1409,3,2.5,28,2,0,4247,0,2023,10,8,17.1,247063
482,West End,2401,3,2,72,,0,7450,0,2024,5,6,3.2,375438
1124,West End,2094,4,1.5,11,1,1,5783,0,2025,8,5,13.2,352242
1060,North Ridge,1273,3,1.5,77,3,0,8260,0,2022,9,3,3,241100
939,Old Town,2638,5,2.5,16,1,0,4604,0,2024,10,8,36.9,345123
770,Hillcrest,401,1,3,17,2,0,6847,0,2026,1,10,18.3,157143
1168,Old Town,1931,4,2,48,0,0,2236,1,2025,1,5,1.7,254205
1125,Old Town,1109,2,1.5,12,0,1,4957,0,2026,3,7,7.8,216931
474,North Ridge,1357,4,2.5,12,2,0,4746,0,2024,9,2,13,311745
66,Green Valley,1961,4,2.5,49,1,0,2631,0,2026,1,3,6.9,287485
473,Downtown,1639,3,2,32,2,0,7136,0,2026,3,7,14.3,471851
831,Downtown,1039,2,2.5,52,2,0,2617,0,2024,1,4,2.9,253650
1144,North Ridge,1405,3,1,65,2,0,7641,0,2022,10,3,7.8,216300
847,Lakeside,1782,4,1.5,61,1,1,2721,0,2024,8,1,0.7,384977
538,Old Town,2562,4,1,34,2,0,8286,0,2024,4,10,8.2,352105
1033,Downtown,1229,3,3,67,3,0,7701,0,2024,10,9,0.5,315953
383,Hillcrest,1819,4,1.5,74,1,0,7993,0,2024,3,8,1,314839
633,Downtown,1385,3,3,32,1,0,4418,0,2024,4,5,30.3,310796
492,Green Valley,1928,4,3,54,2,0,2733,0,2026,6,9,17.8,287842
202,North Ridge,688,3,3.5,55,1,0,8983,0,2026,1,5,17.9,206773
1162,Old Town,1784,4,3,69,0,1,5908,1,2024,4,2,26.6,231882
1136,Green Valley,1608,2,1.5,55,2,0,5389,0,2025,5,10,3.9,229466
531,Downtown,1393,6,1.5,25,1,0,5962,1,2023,12,,3.7,379105
351,Old Town,1685,2,2,26,2,1,9316,1,2026,12,5,0.9,252146
263,Old Town,2047,2,1.5,6,3,0,5944,1,2022,9,6,6.6,308481
972,Hillcrest,3463,4,2,29,1,0,3783,0,2023,3,6,2.6,517536
143,Downtown,1779,4,3,63,1,1,6119,1,2025,8,7,3,488561
330,North Ridge,1455,2,2.5,60,1,0,10377,0,2024,7,1,1.4,315126
510,Downtown,1135,6,2,18,2,0,10501,0,2024,6,7,4.7,382050
828,Downtown,2407,3,2,43,2,0,10823,1,2026,3,10,32.8,564169
893,Green Valley,2096,2,1,48,0,0,9841,0,2026,12,6,15.3,272266
109,Hillcrest,1836,3,1,24,2,0,7489,0,2023,10,1,17.3,314748
402,Downtown,1133,2,1,8,0,0,7712,1,2026,5,9,3.3,378771
815,Old Town,1897,4,3,14,1,0,,0,2025,4,2,7.3,258997
89,Green Valley,644,2,3,14,2,0,6467,0,2022,11,4,3.1,143190
560,Old Town,2353,2,1,11,1,0,5036,0,2022,1,1,11.3,272769
579,DOWNTOWN  ,2396,6,,53,1,0,6482,1,2026,7,2,5,565376
28,West End,1668,3,2,74,2,0,5928,1,2024,3,1,3.6,239582
651,North Ridge,2293,1,3,39,0,0,4940,0,2025,7,2,4.2,392356
149,Green Valley,400,5,1.5,17,1,0,8915,0,2022,9,10,18.3,167803
948,West End,2057,4,2.5,38,1,0,5391,1,2026,2,2,19.2,331742
483,West End,1839,3,2.5,78,1,0,7226,0,2025,1,3,6.4,272012
539,Hillcrest,2153,3,2.5,13,1,0,5444,0,2025,5,8,1.6,357995
281,Hillcrest,2410,3,1,21,2,0,3746,0,2024,2,4,12.5,372072
991,Lakeside,1058,2,1.5,46,2,0,5146,0,2022,7,7,15.1,252600
871,North Ridge,2099,2,1,77,2,0,6938,0,2024,1,8,17.4,352131
488,North Ridge,2213,3,3,19,2,0,6707,0,2025,1,5,8.6,430141
846,North Ridge,1697,3,2,77,,0,10202,1,2026,8,8,6.3,395394
613,Downtown,2849,5,2,47,1,0,8625,0,2024,12,9,3.6,628386
218,Old Town,2439,5,1.5,61,1,0,5930,0,2023,5,6,21.2,263465
91,West End,2225,2,1.5,35,0,1,5001,0,2023,8,10,2,351553
777,Hillcrest,2397,3,1,44,1,0,10148,0,2024,8,2,10.2,363739
160,Lakeside,2627,3,2.5,27,2,1,2329,0,2023,10,7,0.8,550502
299,Lakeside,1853,5,2.5,78,2,0,7956,1,2023,12,2,0.5,381369
998,Hillcrest,2210,4,2.5,17,2,0,4763,1,2023,8,5,2.4,412353
311,Hillcrest,926,4,2,77,2,1,3046,0,2023,5,3,1.2,153027
1088,Old Town,2856,2,2.5,58,3,0,4567,0,2023,9,1,5.8,335229
839,Hillcrest,839,3,1.5,16,2,0,9441,0,2022,7,3,9.1,199872
982,Downtown,1442,4,1,59,2,0,9197,0,2022,3,10,27.6,318658
578,Old Town,501,2,3,13,2,0,4698,0,2026,7,3,28.9,63098
81,DOWNTOWN  ,2292,3,1,23,0,0,8933,0,2025,1,,1.2,504336
656,West End,1618,3,1.5,57,0,0,4898,0,2026,1,8,7.3,274075
881,Old Town,1120,3,2,60,2,0,5080,0,2023,3,9,5.6,171227
852,Downtown,2913,6,2,6,2,0,5961,0,2024,12,5,2.7,681606
187,Green Valley,968,5,2,6,,0,9352,0,2026,2,3,0.6,216326
576,Old Town,1748,4,1.5,35,2,0,7755,0,2025,8,3,7.1,228456
229,Hillcrest,1403,3,3,16,0,0,3738,0,2025,5,9,30.4,246647
687,Old Town,1344,2,2,22,2,1,3916,0,2026,7,8,12.9,234170
136,West End,1838,3,2,36,0,1,8808,0,2026,6,3,2.5,312778
460,West End,2294,4,2.5,44,2,0,5495,1,2026,9,6,5.4,391573
969,North Ridge,808,4,2,56,2,1,,0,2026,10,2,3.3,263377
310,North Ridge,1617,3,1,79,0,1,7658,0,2026,2,5,4.3,314936
409,Downtown,2818,3,2,25,1,0,6766,0,2026,5,6,11.5,641795
259,North Ridge,1752,3,3,42,3,0,7943,0,2025,10,1,17.8,344953
196,Old Town,2517,3,1.5,77,1,0,5574,0,2026,11,7,15.8,270869
249,Downtown,1392,3,2,52,3,1,1856,0,2024,2,3,24.1,298624
603,West End,2215,2,1,20,2,0,8352,0,2024,8,3,12,342224
7,Green Valley,742,4,2.5,79,2,0,4564,0,2024,2,9,0.8,150284
1150,Old Town,2155,3,2.5,56,2,0,9516,1,2023,7,7,4.1,1615356
127,Hillcrest,400,2,1.5,3,0,0,8932,0,2025,10,8,13.3,119241
712,Hillcrest,910,3,2.5,25,0,0,2487,0,2026,10,9,0.5,185461
275,Hillcrest,1097,5,2.5,18,2,0,2615,0,2025,1,2,10.4,195680
1193,Old Town,400,2,,44,0,0,8518,0,2024,6,7,6.7,73139
1052,Old Town,985,5,2,33,2,0,11230,0,2025,11,6,9.1,198307
48,Downtown,1145,3,1.5,0,1,1,3800,1,2022,11,3,3.8,326878
1061,OLD TOWN  ,1930,4,3,69,1,0,9072,1,2026,4,5,1.7,256651
693,Old Town,1333,2,2.5,12,0,0,6163,1,2026,6,3,6.2,165002
95,West End,3390,3,3.5,61,1,0,10434,0,2023,9,10,5.8,488630
522,Green Valley,1502,3,1,68,3,0,11029,0,2026,6,4,6.4,239776
1152,West End,1562,4,3.5,79,2,0,4297,0,2026,7,1,3.4,244334
1114,North Ridge,2469,2,2,66,1,0,4114,0,2024,6,2,6.6,420315
1010,West End,1072,1,1,8,2,1,7503,0,2025,2,3,1.6,216607
970,Hillcrest,2621,5,3,11,3,0,6713,0,2025,6,7,20.2,468221
642,North Ridge,3289,3,1.5,51,2,0,10363,0,2026,3,6,0.5,607737
710,Lakeside,3237,4,2,3,2,0,3171,0,2024,3,6,2.1,689048
1155,Lakeside,2850,4,3,70,1,0,7919,1,2025,1,6,2.6,573858
121,North Ridge,1582,4,3.5,49,2,1,10754,0,2026,8,3,4.8,375634
708,Hillcrest,1704,4,2,69,2,0,5895,0,2023,10,9,10.9,311259
341,Lakeside,1932,3,2,41,1,0,7618,1,2025,5,7,7,451649
20,Downtown,1425,3,2.5,23,2,1,8102,1,2026,8,5,19.2,412285
88,Old Town,991,1,1.5,26,2,0,8556,0,2026,2,9,3.8,176699
825,Lakeside,2417,4,2,54,3,0,6575,0,2025,11,6,0.9,512353
203,Green Valley,924,4,2,50,2,0,13653,0,2025,5,4,2.4,202085
495,West End,2928,2,3,65,1,0,8149,1,2023,5,,18.2,432084
1134,Lakeside,1570,3,2,10,2,0,3441,0,2025,3,10,3.5,411836
829,Lakeside,912,3,1,30,2,0,7714,0,2023,5,4,2.2,208445
480,Hillcrest,2172,3,2.5,39,2,1,7711,1,2026,10,10,9.1,436128
102,Hillcrest,2106,3,1,33,2,0,9456,1,2023,11,3,18.4,328342
743,North Ridge,2150,4,1,52,1,0,4705,0,2026,10,3,6,371137
212,Lakeside,1164,3,1.5,46,2,0,8385,0,2025,11,,2.4,296952
420,Green Valley,1433,4,2,32,3,0,6936,1,2022,1,9,6.8,233172
791,Green Valley,1784,3,,38,1,0,5670,0,2024,12,8,14,260224
936,Green Valley,656,3,3,58,1,0,9153,1,2026,7,2,19,107321
684,North Ridge,2153,4,2,25,,0,7259,0,2023,9,2,24.9,341626
549,West End,1496,3,3,66,2,0,9420,0,2025,7,6,1.5,271430
648,Old Town,2167,3,1,32,1,0,6540,1,2023,6,6,7.9,277112
217,Hillcrest,1966,3,1.5,59,2,0,10018,0,2024,9,5,12.3,337891
1070,Old Town,1856,3,2,47,2,1,6683,0,2025,4,2,11.1,250147
843,Old Town,1878,2,2,29,1,0,5850,0,2026,12,10,7.5,275139
899,Hillcrest,2794,4,2,70,1,0,4712,0,2026,1,1,0.5,409663
784,West End,1309,4,3,68,2,0,1000,1,2023,2,5,0.5,203826
42,Old Town,3149,2,1,71,1,0,7214,0,2026,1,3,11,359231
260,West End,2203,1,1.5,16,2,0,4848,0,2022,3,4,0.5,297023
1132,Downtown,2012,4,1,2,2,0,10246,0,2026,4,4,7,524483
1022,Lakeside,2952,2,2.5,27,2,0,4469,0,2022,11,6,21.4,568634
701,North Ridge,1028,3,3,49,0,0,9730,1,2023,6,10,3.9,283726
155,North Ridge,885,3,1,26,1,0,7069,0,2025,5,1,5.7,190832
813,Old Town,1661,3,2,56,1,0,2426,0,2026,4,3,1.9,198992
900,North Ridge,2130,1,2.5,57,0,0,4765,0,2023,1,1,11.6,310700
112,North Ridge,2794,3,1.5,7,1,0,3036,0,2023,10,10,0.5,530113
914,Lakeside,1421,2,3,18,3,0,8254,0,2026,10,10,8.9,370492
289,Hillcrest,2616,3,,44,1,0,10656,0,2022,3,2,5.7,422469
302,West End,2716,5,3.5,63,1,1,7051,0,2025,6,5,5.8,457603
205,Downtown,1911,3,2,19,2,0,3661,0,2023,1,4,2.4,450883
913,North Ridge,2359,3,2,56,2,0,8570,1,2026,7,8,0.5,481959
993,West End,1334,3,1,61,2,0,4008,0,2023,2,3,7.4,190657
817,Downtown,1401,2,2,67,2,1,9296,0,2024,8,9,20.2,351840
944,DOWNTOWN  ,1247,2,2,61,1,0,6747,0,2024,7,10,3.8,304273
624,Downtown,1882,4,1.5,56,0,0,6386,1,2025,1,9,9.9,456346
580,Green Valley,2025,2,2,20,1,0,3684,0,2026,9,6,20.9,299119
1019,Green Valley,1040,2,1.5,38,2,0,8386,0,2023,5,10,1.2,169690
907,Lakeside,3137,2,3.5,27,1,0,5246,0,2023,6,2,13.1,624480
1028,Hillcrest,1996,2,1.5,22,3,0,6334,1,2026,6,6,4.3,377005
79,Downtown,1511,6,2,30,1,0,7249,0,2025,9,6,9,413695
766,Old Town,935,4,2,66,1,0,6491,0,2025,1,2,12.3,149443
877,Green Valley,924,4,2,57,1,0,4240,1,2024,2,2,13.9,105570
562,Hillcrest,1573,4,2,5,3,1,5359,0,2024,1,9,2.7,364643
61,Old Town,2020,2,3,43,1,0,2935,0,2022,12,6,6.6,259387
324,Hillcrest,2049,4,3.5,57,2,0,10362,0,2023,2,4,18.1,344231
387,Old Town,916,2,,28,2,0,8057,1,2024,5,1,10.8,123461
1072,Old Town,400,4,2,6,0,0,7733,0,2026,7,7,2.5,169400
496,Old Town,1929,1,1.5,77,2,0,5443,0,2024,7,6,2.9,226350
875,Downtown,1563,2,1.5,16,1,0,1825,1,2026,11,7,2.6,448421
1024,LAKESIDE  ,1503,4,2,65,0,0,8132,0,2024,7,9,9,337437
694,Green Valley,2382,4,2,4,2,0,2260,0,2025,12,7,10.1,353396
951,Hillcrest,2578,4,2,35,2,0,11719,0,2026,6,10,10.4,455734
990,Lakeside,2760,5,1,9,1,0,7221,0,2024,2,1,4.9,564938
1148,North Ridge,1472,2,2,31,2,0,11419,1,2026,2,10,25.2,325058
809,Downtown,1014,4,1,42,1,0,6001,0,2025,8,4,5.4,263701
63,WEST END  ,2211,2,1,74,2,0,9490,0,2023,7,5,22,291716
1011,North Ridge,1892,4,2,72,3,0,7112,0,2025,6,5,1.8,386213
968,North Ridge,655,2,2,41,2,0,10750,0,2026,6,2,8.3,182648
1166,Hillcrest,2572,4,2.5,71,,0,1000,0,2026,3,10,12.9,387963
100,Hillcrest,1946,4,2,12,2,0,2937,1,2024,4,3,11.3,354273
536,West End,1363,2,2,37,1,0,3160,0,2026,1,10,0.5,241673
1104,Lakeside,1366,4,,16,1,0,6457,0,2026,5,2,0.7,346578
77,Old Town,1625,2,2,62,,0,5420,1,2026,7,4,3.3,215098
758,West End,2056,4,2,11,1,0,5054,0,2024,2,8,3.1,378257
1171,Old Town,2181,2,3.5,21,1,0,,0,2025,6,3,3.3,282249
903,West End,1563,4,1.5,55,3,0,6753,1,2025,5,9,6.3,280171
528,North Ridge,775,4,2,2,1,0,4442,0,2026,9,9,28,208060
245,Old Town,2547,3,,64,3,0,7975,0,2025,8,7,3,327463
206,Downtown,1680,1,2.5,26,3,0,,0,2024,1,5,3.3,367837
816,West End,1581,3,3,26,1,0,8424,0,2023,9,8,20.7,245164
927,Green Valley,1456,2,2,69,3,0,,1,2025,8,4,23.6,192274
989,Hillcrest,1857,5,1.5,0,2,0,7296,1,2026,8,2,4.1,389492
371,North Ridge,2333,3,2.5,44,2,0,4735,0,2025,8,10,2.2,481406
221,North Ridge,603,3,2.5,74,3,0,11052,0,2026,9,1,14.5,197224
674,North Ridge,2008,5,1.5,2,1,0,5483,1,2024,10,8,2.2,427904
35,Lakeside,2019,3,1.5,77,2,0,4324,0,2022,8,9,10.9,399280
86,West End,3020,3,3,78,1,1,2541,0,2026,6,2,6.5,457225
157,Green Valley,1078,3,2,58,,0,7931,0,2026,10,1,2,173241
76,Lakeside,1468,1,3,13,0,0,8824,0,2023,4,1,3.5,319773
36,Hillcrest,1532,6,3.5,50,1,0,4800,0,2026,8,7,17.3,299241
836,North Ridge,400,3,2,36,1,0,8029,0,2025,6,6,4.5,170912
348,Lakeside,2017,6,1.5,31,3,0,8218,1,2026,1,4,3.8,502055
59,North Ridge,839,3,2,79,2,0,7507,0,2024,10,5,16.5,192332
582,West End,400,6,3,38,1,0,5442,1,2022,3,1,2.3,159308
1018,West End,1454,5,2,3,2,0,3475,0,2024,9,2,15.7,246931
240,Lakeside,2255,2,2,34,3,0,,0,2022,5,6,2.6,438113
195,Lakeside,1776,3,1.5,20,3,0,5090,0,2022,4,5,2.7,390219
1182,Hillcrest,2118,4,2.5,15,1,0,6906,0,2022,1,5,5.4,363597
617,Downtown,2573,3,2.5,51,1,0,8873,0,2024,5,7,2.1,590662
373,Green Valley,2493,2,2,16,3,0,5810,1,2025,8,3,3.5,369751
537,Green Valley,1783,4,1,71,1,0,2690,0,2026,8,5,2.7,250356
768,NORTH RIDGE  ,2130,1,3.5,60,2,0,4401,0,2026,3,2,0.5,400222
1105,Hillcrest,3018,4,1,35,1,0,10685,1,2023,1,8,17,493583
637,Green Valley,1353,3,2,71,2,0,1005,0,2024,7,2,2.5,169605
894,Hillcrest,3207,4,,35,2,0,6675,0,2025,2,8,39.7,521248
827,Green Valley,400,3,1,67,0,0,8960,0,2024,5,9,7.4,108274
521,Downtown,2895,2,2.5,2,1,0,4121,0,2024,6,5,13.3,606440
405,Downtown,2577,2,1.5,26,2,1,1815,1,2022,10,2,8.4,530178
1131,North Ridge,2177,3,1,34,2,0,,1,2026,12,10,6.8,450140
182,Downtown,2482,4,1.5,57,2,0,5683,0,2026,4,7,9,542382
9,West End,1969,4,2,16,2,0,12480,0,2026,2,6,4.1,356233
321,Old Town,1768,1,1.5,22,2,0,9119,0,2026,10,1,2.3,208232
349,North Ridge,2228,3,1.5,14,1,0,8308,0,2024,2,10,21.8,437368
530,Lakeside,2697,3,1.5,16,2,0,3248,0,2026,11,8,4.2,597108
429,Hillcrest,1770,6,3,71,0,0,4676,0,2024,7,3,2.7,280828
840,North Ridge,1919,3,1,36,1,0,4571,0,2023,2,8,4.2,365483
882,West End,2149,3,3,39,2,0,7294,1,2024,10,10,8.1,371494
577,Old Town,1851,5,3,75,2,0,5116,0,2026,1,10,0.5,279728
547,North Ridge,958,5,1.5,16,2,1,12124,0,2025,3,5,0.6,325849
597,West End,3362,3,1,50,1,0,6530,0,2026,9,5,0.5,501661
532,West End,2057,2,2,20,1,0,8982,0,2025,3,1,14,317293
1036,Lakeside,2039,4,2,6,2,1,8269,1,2025,5,10,5.7,548803
889,Old Town,1590,6,1,12,0,0,6290,0,2025,12,9,0.5,262971
423,Green Valley,2223,4,2,55,1,1,7692,0,2023,10,5,2.5,345874
135,Green Valley,3473,2,1,50,1,0,3273,0,2024,2,2,11.3,398984
973,Hillcrest,1433,2,1,74,1,1,2441,0,2025,7,1,5.1,187597
721,Downtown,1554,4,1.5,67,2,0,8425,0,2023,8,1,0.5,354591
865,Downtown,2282,3,1.5,9,1,0,4750,0,2024,7,5,0.5,535227
11,Hillcrest,2215,5,1.5,44,2,0,6306,0,2026,7,8,17.4,397652
427,North Ridge,808,4,2,54,3,0,3374,0,2026,4,7,6.4,204080
350,Downtown,3107,3,2,61,3,0,10613,0,2026,11,5,1.9,669776
608,Hillcrest,1310,4,1.5,58,2,1,4321,0,2023,1,3,14.1,244084
928,Hillcrest,2181,4,1,76,2,0,4546,0,2025,8,5,8.1,337569
391,Old Town,1600,3,1.5,17,1,0,7367,0,2026,9,6,3.6,223292
396,Old Town,1981,3,3.5,13,,1,4135,0,2026,10,8,2,331445
105,Old Town,2836,3,3.5,77,1,0,5581,1,2026,10,7,7.6,372415
845,Hillcrest,2578,3,2,17,2,1,4165,0,2023,2,9,0.5,430128
863,Green Valley,3202,4,2.5,68,1,0,2345,0,2025,12,2,3.4,407650
958,Lakeside,2073,3,2.5,75,2,0,8397,1,2025,2,1,5,416806
837,Old Town,1445,4,2,20,2,0,8688,1,2024,1,2,1,243133
436,North Ridge,2526,4,2,60,0,0,5031,1,2026,11,6,0.5,466201
1153,West End,1545,4,2.5,24,2,0,14691,1,2025,8,2,3.7,348181
1108,West End,2633,4,2,51,1,0,4997,0,2024,12,2,12.1,359191
419,Green Valley,1958,2,2,16,0,0,5829,0,2026,4,6,8.6,305616
700,Green Valley,3194,2,1,52,2,0,5716,0,2024,9,8,0.5,425623
140,Downtown,1706,3,2,56,0,0,6707,0,2025,4,3,22.1,362938
775,Old Town,1853,4,2.5,3,1,0,7982,0,2025,3,1,9,253512
166,Old Town,2263,3,3.5,33,2,0,6125,0,2026,4,4,4.4,315838
227,North Ridge,1921,6,1,29,1,0,2139,0,2026,8,3,2.4,408490
888,West End,2776,4,1.5,32,2,0,2369,0,2026,4,3,8.1,438014
181,Green Valley,1460,4,1,29,3,0,8757,0,2024,3,1,6.9,225878
192,Green Valley,1737,4,2.5,48,2,0,6152,0,2023,11,2,22.2,263980
307,Hillcrest,2827,4,3.5,54,2,0,6412,1,2026,7,,19,490485
842,Old Town,2177,3,3.5,18,0,0,9991,0,2023,9,7,0.9,284270
464,West End,1769,3,1.5,67,3,0,8959,0,2026,1,1,3.1,326796
932,West End,2906,2,,6,2,1,8218,0,2023,2,2,0.5,411939
891,Lakeside,2663,1,2,61,2,0,7950,0,2023,12,2,3.6,474828
772,Green Valley,3420,6,2,34,2,0,7818,0,2024,7,8,32.4,494553
672,Downtown,933,2,1.5,12,2,0,,0,2025,6,6,23.6,257435
954,West End,1810,1,2.5,3,1,0,8659,1,2023,11,7,5.1,306805
1045,Green Valley,2279,4,3,73,2,0,6478,1,2023,5,,3.5,374685
243,Downtown,3464,3,2.5,69,2,0,3904,1,2024,6,8,4.4,737183
18,Green Valley,1550,3,2.5,24,2,1,8752,0,2023,9,8,1.4,269663
937,Old Town,2290,3,2,19,1,0,4752,1,2024,1,4,25.5,302477
326,West End,2120,1,2,30,1,0,9667,0,2023,7,2,0.5,328925
695,Lakeside,1608,1,2,74,2,0,5783,0,2025,7,5,2,300302
685,Lakeside,1832,4,2,75,1,0,5259,0,2025,11,7,2.8,401528
208,Downtown,2026,6,,71,2,0,7464,0,2025,2,1,9.6,455154
942,Green Valley,1004,3,2.5,1,2,0,8092,0,2023,12,8,1.6,231540
776,Downtown,1736,4,2,40,0,0,10047,0,2026,9,4,7.1,418157
773,Downtown,1796,3,2,62,2,0,6631,0,2025,2,8,13.2,415706
805,DOWNTOWN  ,1842,3,2,30,2,0,5529,0,2025,3,3,3.3,433788
590,Green Valley,3044,4,2,60,2,0,8496,0,2024,8,8,9.6,414884
594,Old Town,2122,5,3,61,0,0,3247,0,2022,10,2,18.2,216021
698,Downtown,1981,2,2.5,76,1,0,5706,0,2026,10,9,3.6,460290
431,Green Valley,1643,6,3,6,2,0,3721,0,2026,9,,5.6,261643
176,Lakeside,1599,3,3,41,0,0,4545,0,2022,2,5,3.6,357364
783,Lakeside,1686,2,2.5,75,2,0,12110,0,2024,11,8,0.8,388554
755,West End,2589,3,2,53,2,0,5251,0,2026,4,3,15.9,393612
529,Hillcrest,2760,6,2,69,2,0,8323,0,2024,10,8,4.6,473344
1046,West End,1617,2,3,78,2,0,4131,1,2023,7,10,0.5,266998
714,Green Valley,3477,4,2,36,1,1,3371,0,2024,11,2,6.8,468577
681,Hillcrest,1881,4,3,75,1,0,5476,0,2023,1,10,17.7,272572
798,Green Valley,1602,4,2,48,1,0,5232,0,2026,6,6,11.9,286781
767,Downtown,606,3,3,8,3,0,5462,1,2025,7,10,4.9,293880
1078,Downtown,3137,2,2.5,51,2,1,3708,1,2023,6,4,8.2,657195
479,Hillcrest,1429,2,3,47,0,0,10014,0,2023,2,8,8.9,247566
376,Lakeside,2222,3,3,61,1,0,6838,0,2025,1,6,0.5,471253
1179,Hillcrest,2134,2,2,41,0,1,2940,0,2023,9,6,14.8,348066
60,Downtown,2543,4,2.5,70,1,0,7643,0,2025,8,2,4.3,549246
14,Green Valley,1013,3,2.5,26,1,0,7553,0,2025,7,4,28.6,187419
614,Downtown,2095,2,1.5,41,1,0,8053,1,2023,9,4,4.9,460674
568,Old Town,1955,3,3,11,2,0,5490,0,2023,10,2,2.4,297981
966,Old Town,2406,2,2,68,2,0,1448,0,2024,6,10,7.1,289408
834,Hillcrest,2293,6,2,27,0,0,4529,0,2023,4,3,1.9,359736
706,Downtown,1716,6,1,31,1,1,1832,0,2026,10,3,5.6,421157
898,West End,1975,3,1,0,3,0,2067,0,2025,2,10,20.4,352921
92,West End,1764,3,2.5,7,2,1,1590,0,2022,3,3,1.6,295906
554,Green Valley,966,1,2,41,1,0,2239,0,2026,7,10,1.1,174934
323,Lakeside,1070,4,1.5,2,1,0,5728,1,2026,8,2,10.3,311171
394,West End,2825,2,3,16,0,0,6286,0,2026,3,6,7,435701
332,North Ridge,1439,4,2,51,1,0,5531,0,2025,12,,5.9,303788
967,Lakeside,878,2,2,17,1,1,3056,0,2024,7,5,2.1,240936
901,Lakeside,2150,3,3,20,2,0,7527,0,2026,2,10,8.9,511517
4,Hillcrest,2171,4,1,15,3,0,7396,1,2025,7,6,8.5,386706
458,Hillcrest,400,3,2,32,2,0,10149,0,2026,6,3,5,126519
444,Hillcrest,2261,3,1,15,1,0,9465,0,2024,1,2,3.3,371025
1001,Hillcrest,2594,3,2,43,1,0,6473,1,2025,3,5,11.6,419602
1007,Downtown,3025,2,2,17,2,0,,0,2026,8,5,1.5,666996
572,Downtown,1776,2,2,10,0,0,6279,0,2025,1,8,6.6,407988
1191,Old Town,2520,2,2,68,3,0,7003,1,2023,12,10,9.1,292435
216,North Ridge,2107,3,3,54,2,0,6803,0,2026,6,6,13.7,415354
561,Green Valley,1573,3,2,73,3,0,2940,0,2025,6,8,5.9,222611
73,Downtown,2111,3,1.5,2,3,0,5800,0,2024,9,3,5.4,510525
425,Lakeside,3000,1,3,2,,0,6261,1,2023,4,4,3.5,617147
1077,West End,2202,3,1.5,16,,1,3980,0,2024,12,9,5.4,374133
3,Green Valley,1369,4,2,48,1,0,11588,1,2025,6,9,2.7,294456
1103,Old Town,2397,4,1.5,5,2,0,9527,0,2023,7,6,7.9,316141
494,West End,1352,6,2,39,1,0,4509,0,2026,8,3,6.4,241587
242,NORTH RIDGE  ,1879,3,3.5,51,1,1,2551,0,2025,2,5,5,381301
645,West End,2465,2,3,65,3,0,,1,2022,7,8,5.9,412991
1188,Downtown,3035,6,2.5,40,3,0,4028,0,2023,7,5,11.5,633119
806,Old Town,516,3,1.5,39,3,0,1684,1,2026,6,8,0.8,145878
569,North Ridge,1632,1,2,72,3,0,6064,1,2024,11,2,1.3,301114
909,North Ridge,1656,4,2.5,20,1,0,5327,1,2026,10,6,4.3,413152
629,Lakeside,2836,6,3.5,32,1,0,4832,0,2026,7,2,6.3,635553
74,Green Valley,2017,3,2,46,2,1,5272,0,2023,12,7,3.8,296307
118,Green Valley,1848,6,1,21,2,0,7342,0,2025,4,9,5,325354
1082,Green Valley,2694,2,2,8,1,0,4515,0,2024,9,3,1,397912
924,Green Valley,957,4,,43,2,1,3924,0,2023,9,4,7.7,167625
1106,Downtown,2502,1,2.5,1,1,0,6587,1,2024,3,5,0.5,585101
368,Downtown,1566,4,3,42,3,0,3662,0,2026,4,10,2.7,461187
6,Green Valley,627,6,2,71,2,0,7161,0,2023,10,5,7.2,151659
1130,DOWNTOWN  ,3483,4,2.5,44,2,0,10307,0,2026,9,9,1.5,796524
854,West End,751,2,3,67,1,0,6641,0,2025,4,9,8,148019
904,Hillcrest,1255,2,3,19,1,0,1000,0,2026,9,10,5.8,249716
626,North Ridge,1810,3,3.5,30,2,0,8278,1,2026,8,7,8.3,426709
331,West End,1395,4,2.5,13,1,0,3647,1,2026,11,,0.8,293157
801,Hillcrest,1837,4,,67,2,0,4757,1,2025,2,4,22.3,310718
12,Lakeside,720,2,1,76,1,0,5360,0,2026,10,10,4.4,194044
404,Lakeside,1345,1,2,78,2,1,2528,0,2024,11,5,11.4,247714
957,Lakeside,1721,2,1.5,29,2,0,10437,1,2026,1,5,7,405419
676,Hillcrest,2086,2,2.5,75,0,0,8516,1,2025,5,3,4.6,334384
265,Green Valley,2164,5,2.5,52,1,0,7709,0,2022,2,4,4.5,295799
605,Green Valley,2862,4,2.5,56,0,0,5216,1,2025,1,1,2,404545
57,West End,1953,4,1.5,26,2,0,6487,1,2026,1,8,7.5,362475
475,Old Town,1149,1,3.5,77,0,0,2207,0,2026,5,3,0.8,178774
1160,North Ridge,1519,3,1.5,69,2,0,3854,0,2026,4,6,6.5,276453
55,North Ridge,2339,5,2.5,2,,0,,0,2026,4,1,12.5,466780
493,Old Town,3149,3,2,11,0,1,2719,0,2024,1,9,4.8,408820
472,Green Valley,473,3,1.5,43,1,1,2599,1,2026,2,9,6.4,122050
85,Old Town,2069,2,3,78,1,1,6211,0,2024,1,9,6.3,251665
1200,Lakeside,1517,6,1.5,6,3,1,8856,1,2024,10,10,2,456483
1041,West End,1786,5,2,41,2,0,10716,0,2026,11,8,0.5,345555
126,Downtown,-1623,4,1.5,1,3,1,10819,0,2025,5,2,5.5,484713
1181,Downtown,2028,1,2.5,43,2,0,2987,1,2022,10,7,4.2,435982
551,Old Town,1770,4,1,0,2,0,2399,1,2026,7,4,1.1,265658
726,Green Valley,1004,3,2.5,43,2,0,7972,0,2024,2,10,2,198453
526,Old Town,2374,6,1.5,8,1,0,3527,0,2024,8,7,6,313891
152,Old Town,452,2,2,0,1,0,6155,0,2026,8,7,15.8,84360
858,West End,2476,3,2,54,1,0,4044,0,2023,3,6,5.3,367419
485,Hillcrest,2254,1,2.5,22,1,0,6400,1,2023,5,10,0.5,414862
389,Green Valley,2220,3,2,73,1,0,8147,0,2026,10,7,3.6,358401
138,West End,1784,4,1.5,68,2,0,4735,0,2026,5,8,31,247109
736,Hillcrest,1014,4,3,76,1,0,5544,0,2026,10,,17.9,192540
173,West End,1097,4,2,42,,0,8892,0,2022,8,3,9.1,200770
497,North Ridge,1377,4,3,15,2,0,7011,0,2025,7,4,1.6,343376
868,Hillcrest,2815,5,2,20,1,0,8698,0,2025,1,4,3.5,495273
978,LAKESIDE  ,2585,3,2,8,0,0,6478,1,2024,9,2,11.2,578058
224,North Ridge,1817,4,1.5,41,1,0,9557,0,2025,8,1,1.1,384602
878,Old Town,1168,4,2,56,3,1,9990,0,2025,4,9,41.3,184702
178,Hillcrest,987,3,2,17,1,0,5011,0,2026,3,8,15.8,233599
639,West End,2438,4,2,43,1,1,6381,0,2026,3,1,9.7,389110
745,West End,1910,4,2.5,70,1,0,11348,0,2023,7,2,0.5,336984
588,Old Town,1115,3,2,37,1,0,9151,0,2026,3,9,8.8,164997
1135,North Ridge,2020,4,1.5,70,1,1,11454,1,2023,3,6,8.8,407081
981,Old Town,2306,4,1,23,2,0,10598,0,2023,9,9,19.5,309623
440,West End,2091,3,2,48,,0,9409,0,2022,6,9,31.7,266499
732,Hillcrest,2342,1,2,53,2,0,6424,1,2026,5,4,1,366578
300,Downtown,2493,3,1.5,35,1,0,7791,1,2026,5,6,3.1,574127
456,Lakeside,572,4,1.5,77,1,1,5643,0,2024,8,9,5.8,191734
1174,Hillcrest,925,3,2,37,2,0,1000,0,2023,11,8,2.3,175074
51,Green Valley,1812,3,2.5,71,2,0,8227,1,2025,7,8,1.2,326472
963,Downtown,2923,4,1.5,50,2,0,11450,1,2025,8,,8.2,672951
730,Hillcrest,789,3,2,68,2,1,11360,0,2023,4,6,0.5,233585
764,Green Valley,2422,2,3.5,75,2,0,5253,0,2022,6,6,17.5,308637
33,North Ridge,2559,4,2,37,1,0,4693,0,2025,4,8,19.2,492528
258,Lakeside,1639,2,2,63,1,0,7006,0,2025,1,7,1.7,357079
239,Hillcrest,1242,3,2,43,2,0,7920,0,2026,7,6,6,249901
1176,Hillcrest,3060,3,2.5,63,2,1,2084,0,2024,8,1,20.3,431508
433,North Ridge,986,3,2,45,0,0,8436,0,2026,10,9,7.3,220156
874,Green Valley,1889,5,2.5,8,0,0,1467,1,2024,1,9,4.9,331410
731,Old Town,2015,6,2.5,53,1,0,5301,0,2026,5,7,4.5,268907
652,Hillcrest,1983,2,3.5,67,2,0,4595,0,2026,7,10,14.6,348766
556,Green Valley,1479,3,2,3,0,0,2097,0,2026,7,2,2.4,240232
355,Old Town,1778,2,2,57,1,0,6840,0,2025,6,9,4.3,230113
916,North Ridge,1984,3,,2,2,0,8828,0,2026,8,3,19.4,398040
671,Lakeside,1868,3,,53,1,0,8333,0,2023,6,9,1.9,448826
369,NORTH RIDGE  ,2184,6,3,37,2,0,4439,0,2024,8,10,19.9,491366
1146,Lakeside,1785,3,3,40,2,0,5992,0,2023,2,4,4.6,397668
1037,Lakeside,2394,4,2,56,1,0,5854,1,2026,9,5,1.6,537082
487,Lakeside,2382,6,2.5,1,1,0,8561,0,2024,10,9,5,591576
867,Old Town,2646,3,2.5,50,1,0,3355,0,2026,8,5,4.5,328471
920,Downtown,2278,2,3.5,66,3,1,5593,0,2025,5,4,1.7,566526
632,Green Valley,400,3,2,46,2,0,3514,0,2026,9,7,6.8,124652
304,Hillcrest,1564,5,2.5,68,2,1,6413,0,2026,12,3,6,302710
746,Downtown,881,3,2,55,2,1,8632,0,2026,2,1,9.4,298626
953,West End,1713,3,1,44,0,0,5915,1,2026,2,1,3.8,269949
997,North Ridge,2784,4,3.5,26,0,0,,0,2022,3,4,9.1,498202
873,Downtown,3109,4,1.5,48,1,0,9241,1,2026,7,2,14.5,646547
453,North Ridge,2346,3,3,77,1,0,8326,0,2026,3,4,7.2,449660
1145,Downtown,2643,5,1.5,69,2,0,7034,1,2023,10,9,35.4,553852
979,Lakeside,2466,3,3.5,14,2,0,3288,0,2026,11,8,1.5,558218
654,West End,1759,3,1.5,18,3,0,7854,0,2024,9,7,8.3,317412
517,Old Town,1003,3,3.5,68,2,0,10779,0,2026,6,9,6.8,179163
935,North Ridge,2168,3,3,41,0,0,4904,1,2024,4,2,9.4,396396
727,Green Valley,1822,4,2,11,2,0,,0,2025,11,7,6.1,277136
535,Green Valley,1442,2,1,10,1,0,6527,0,2024,7,6,10.3,226670
161,North Ridge,2269,3,2.5,54,3,0,5960,0,2022,6,5,20.8,367499
756,Lakeside,1892,6,2,50,1,0,6347,0,2025,3,1,1.1,425997
434,Lakeside,2738,2,1,15,3,0,6948,1,2026,8,6,1.8,604976
918,HILLCREST  ,2845,4,3.5,20,2,0,3746,1,2025,7,2,0.9,484177
1180,Green Valley,1917,3,1,47,3,0,5266,0,2026,12,,7.2,305073
818,Green Valley,1603,3,2.5,79,1,1,3079,0,2025,12,8,2.7,259223
971,Hillcrest,1441,4,1,16,1,1,2074,0,2023,1,7,8.5,249742
1029,HILLCREST  ,2298,2,2,47,1,0,7584,0,2025,7,1,1.7,395839
465,North Ridge,1798,4,1.5,25,2,0,9085,0,2026,11,2,4.3,386229
1063,Green Valley,1140,3,3,31,2,0,3632,0,2025,9,5,6.8,184143
108,West End,1718,2,3,63,2,0,4806,0,2024,11,6,0.5,255101
170,Hillcrest,2089,4,2,17,0,0,5251,0,2024,8,8,8.6,378492
386,Old Town,1830,3,2.5,54,1,0,5688,0,2026,1,,19.9,237091
832,North Ridge,629,3,2,78,2,0,8165,1,2026,9,8,18.3,193082
282,Old Town,1465,3,1,31,,0,6463,0,2026,6,3,1.8,228880
356,North Ridge,2966,2,1.5,1,0,0,8263,0,2026,7,7,26.8,544158
234,Green Valley,2485,3,3,21,2,1,10966,0,2026,5,10,7.3,439224
13,Lakeside,1757,4,2.5,6,3,0,3901,0,2024,7,4,11.9,409650
384,Old Town,2631,4,1,20,1,0,3659,0,2025,12,4,10,325324
251,Hillcrest,2260,3,2.5,60,1,0,8739,0,2025,9,7,3.9,360750
930,Green Valley,1814,4,3,65,2,0,11242,1,2026,6,2,11.1,319948
283,Green Valley,1862,3,3,0,1,0,4050,0,2023,8,8,4.2,275250
1175,North Ridge,1882,1,2.5,36,1,0,7784,0,2024,3,5,15.5,324196
438,Hillcrest,2097,3,2.5,61,2,0,8840,0,2022,11,1,10.3,311187
269,Old Town,1754,2,1.5,45,2,0,5178,0,2023,11,7,2,229592
887,West End,876,2,2,49,2,0,5755,0,2024,5,6,7.4,162955
342,Lakeside,815,2,3,50,2,0,6480,1,2025,3,6,1.8,256651
621,Lakeside,1607,3,2.5,24,0,1,8257,0,2024,12,10,1.1,458573
1074,Hillcrest,2388,2,2,65,1,0,6266,0,2023,5,8,17.1,341063
724,North Ridge,1140,4,1.5,52,0,1,,1,2024,6,1,1.6,241100
987,West End,2253,3,3,64,1,0,7510,0,2026,11,10,6.4,361744
447,West End,1360,4,2.5,28,2,0,9541,0,2022,8,7,6.9,243584
742,Downtown,1849,5,2.5,67,0,0,7158,0,2024,7,9,6.6,462469
856,DOWNTOWN  ,1664,4,2,65,0,0,6999,1,2025,1,8,0.5,405632
1177,Lakeside,1150,1,2.5,9,0,0,4337,1,2026,8,2,18.6,289486
1030,Lakeside,2598,6,2.5,19,1,1,1486,0,2026,11,8,0.9,627207
810,North Ridge,2190,3,2,54,3,0,7589,1,2025,10,6,1.6,439746
573,Green Valley,2273,1,3,52,0,0,13948,0,2026,5,4,2,328958
869,North Ridge,1821,5,2,7,3,0,,1,2025,5,,4,405218
595,Green Valley,1898,5,2.5,5,2,0,3379,0,2024,10,4,3.2,309464
1156,Green Valley,1590,3,1,38,1,0,7988,0,2026,8,7,9.6,257918
1117,Downtown,1179,4,3,11,2,1,10125,1,2026,1,6,0.5,431514
364,Old Town,2479,5,3,74,2,0,6144,0,2025,9,6,3,352622
1013,Downtown,2010,3,1,50,1,0,6709,0,2024,7,2,8.2,419990
1159,North Ridge,2449,3,1.5,10,2,0,8541,0,2026,6,9,6.1,501515
454,North Ridge,1376,5,2.5,42,2,0,7103,0,2026,5,,6.2,302751
375,Hillcrest,2698,3,1,1,2,1,4822,0,2023,10,6,10.9,432851
1149,Green Valley,2346,4,2.5,19,1,0,5762,1,2024,9,5,12.6,356736
641,Hillcrest,400,3,,9,0,0,10730,1,2023,9,4,25.2,120035
122,North Ridge,2885,2,2,42,2,0,,0,2025,12,10,3.6,536183
54,Green Valley,1658,4,1.5,34,0,0,10364,0,2025,10,6,16.6,1399482
188,Hillcrest,2941,3,2.5,39,2,0,3551,1,2026,12,,0.8,494658
583,West End,3157,4,1,19,2,1,7233,1,2024,4,7,0.9,532915
1178,Lakeside,1359,5,3.5,78,1,1,5207,0,2026,6,1,24.3,339713
548,HILLCREST  ,2555,3,3,16,0,0,4231,0,2026,1,9,5,449235
555,North Ridge,2448,4,1,12,3,1,1315,0,2026,5,5,31.1,455264
287,Old Town,1944,3,2,17,2,0,6151,0,2026,11,7,2.7,244459
17,Old Town,1241,1,3,35,0,1,8526,0,2026,2,9,18.9,229167
1195,Lakeside,1452,6,3,23,2,0,12021,0,2025,9,2,30.5,402929
1085,Hillcrest,1486,3,2,23,2,1,5445,0,2023,7,2,10.3,260457
824,Green Valley,2574,3,2,75,3,0,9245,0,2023,8,4,11.5,358369
598,Downtown,1763,6,1.5,37,2,0,5731,0,2024,6,1,3.4,436690
294,Old Town,1928,4,2.5,6,0,0,5654,1,2026,3,,2.3,292533
921,North Ridge,2231,6,1,24,2,0,4556,1,2026,4,2,3.5,438441
702,Lakeside,2001,3,2,14,,0,3288,0,2026,3,5,11.8,2593242
107,GREEN VALLEY  ,1157,6,3,30,0,0,7286,1,2025,8,10,7.8,241397
24,Downtown,2737,1,3.5,24,2,0,2860,0,2026,9,10,1.4,627877
70,Hillcrest,1244,3,2,47,2,1,8293,0,2026,1,5,9,267269
662,Green Valley,2705,3,3,23,1,0,7990,1,2024,4,10,7.2,397878
864,North Ridge,1406,4,3.5,9,2,1,8049,0,2026,9,4,7.9,386959
680,North Ridge,2687,3,2.5,76,2,0,1000,0,2026,8,10,4.4,487478
104,North Ridge,2675,5,1,78,1,1,6130,0,2024,7,6,12.8,481920
1034,North Ridge,1263,3,3,78,2,1,5798,0,2026,8,3,2.8,299879
790,Green Valley,2109,3,1.5,41,1,0,5423,0,2026,9,4,0.5,326748
620,Green Valley,2256,2,1.5,25,0,0,9524,0,2025,11,7,0.5,362099
1141,Old Town,2656,3,2.5,30,0,0,8615,0,2022,11,10,8.1,311524
75,Hillcrest,2474,3,1.5,61,2,1,5495,0,2024,4,6,1.6,444130
508,Downtown,1878,3,2,70,1,0,6287,0,2025,2,7,3.9,418562
1172,Old Town,1491,4,2.5,4,2,0,10086,0,2023,4,3,8.5,236710
219,North Ridge,2883,2,1,29,0,0,4368,0,2026,4,5,11.3,497095
1073,Lakeside,2084,3,1.5,12,1,0,6395,0,2022,11,10,3.8,416448
1199,Hillcrest,2261,5,3,25,0,0,4676,0,2024,4,6,5.3,359349
266,North Ridge,2503,4,1,70,0,0,7878,0,2026,4,6,1,456381
814,Green Valley,2769,3,2.5,76,,0,7891,0,2024,12,10,3.3,374826
1056,Downtown,1777,1,1,50,2,0,5926,1,2025,12,1,0.5,382363
435,West End,1747,4,2,23,0,0,4321,0,2022,8,5,0.6,301147
111,West End,700,3,1,13,2,0,11747,1,2025,12,1,9.6,180507
941,Lakeside,1710,4,,46,2,0,5082,0,2025,1,10,14.8,386477
41,Old Town,1988,3,2,58,2,0,4959,1,2023,9,2,2.8,254301
703,Downtown,2212,2,2,6,1,0,8195,0,2022,1,6,13.8,495516
277,Hillcrest,1774,3,2.5,9,1,0,8349,1,2025,9,10,1.1,368495
340,North Ridge,2211,3,2,62,2,0,8130,0,2023,6,2,9.9,372692
1058,Old Town,2557,2,2,43,0,0,6336,0,2026,5,8,0.5,335935
964,Green Valley,1540,3,2,23,2,0,,1,2025,6,1,11.9,242845
186,Hillcrest,2194,2,2,17,2,1,3387,1,2023,4,1,24.8,358714
738,Lakeside,2072,2,2.5,77,2,0,4766,1,2023,6,6,8.1,394525
1025,Hillcrest,1409,2,2,77,2,0,8584,1,2025,12,8,8.6,281681
62,WEST END  ,1530,3,1.5,40,0,0,5318,0,2026,9,9,0.5,300519
661,North Ridge,1917,3,2.5,11,0,0,7930,0,2024,4,6,6.9,385822
388,Old Town,2285,4,2.5,23,2,1,11026,1,2026,5,,3.3,365258
1147,West End,1150,2,2,62,2,0,7029,0,2023,10,9,0.5,209317
1092,Old Town,784,4,2,47,2,0,10176,0,2024,10,9,34.5,124342
252,West End,1434,3,3,53,1,0,,0,2023,12,5,8.1,246569
1044,Green Valley,2375,2,2,65,1,0,6444,0,2024,2,,2,296071
774,Downtown,2345,2,2.5,77,2,0,6693,0,2023,7,1,9.9,443116
308,Downtown,1460,5,,79,0,0,5223,0,2024,2,8,2.5,342773
194,Lakeside,2059,2,2,28,2,0,3671,0,2025,1,10,3.8,432556
503,Lakeside,1784,4,1,21,3,1,,1,2026,12,2,7.5,460044
34,Lakeside,1965,1,2,60,2,0,5627,0,2025,2,10,1.8,395095
803,Lakeside,1754,3,1,1,2,0,5892,0,2025,4,8,1.5,451180
58,Downtown,2301,4,2.5,0,2,0,8939,1,2024,5,1,0.5,580819
650,Lakeside,2355,1,1,12,1,0,4403,0,2024,4,,6.4,456413
359,Green Valley,1789,2,2,12,2,0,6653,1,2023,2,8,10.9,265665
46,Downtown,1535,4,2,70,1,0,4771,1,2023,8,4,14,316772
1184,West End,2521,5,1.5,34,3,0,6575,0,2026,6,8,2.9,427679
826,Downtown,835,2,3,55,1,0,5855,0,2022,5,5,1,233891
574,Hillcrest,1834,4,,9,,0,6222,0,2023,12,7,5.7,373761
69,Downtown,2340,4,3.5,58,1,1,3293,0,2026,2,8,2,557558
319,Hillcrest,2440,2,1,40,1,0,5587,0,2025,3,1,0.5,386851
292,Downtown,1514,3,,25,1,0,7700,0,2025,11,1,19.6,364681
47,Hillcrest,475,5,3,8,1,0,8653,0,2023,8,2,37,149482
278,Lakeside,2243,6,,49,2,0,5486,0,2025,7,1,1.2,474765
1119,Hillcrest,3141,4,2.5,38,2,0,4309,0,2023,8,6,12.4,485790
298,Downtown,2378,2,3,25,1,0,3775,0,2026,1,7,18.7,547659
225,Downtown,2136,6,2,64,2,0,7681,0,2024,4,7,7.6,508775
917,Green Valley,1638,4,3,41,0,0,4990,0,2025,8,3,10.1,245597
762,Old Town,1701,3,1,35,1,0,9307,0,2026,4,7,10.8,249885
365,Lakeside,2243,3,2,73,1,0,10287,0,2025,3,4,16.5,445507
760,Green Valley,1599,3,1,17,2,0,8848,1,2022,7,10,6.2,270413
367,North Ridge,2180,2,2.5,47,0,1,7082,0,2025,12,9,7.7,388553
1,Hillcrest,715,3,1.5,6,0,0,6878,1,2025,7,4,10.1,198426
67,West End,1501,6,,62,2,0,5156,0,2023,1,6,9.8,247631
686,North Ridge,1826,4,3,15,1,0,10785,0,2025,8,3,2.7,400055
32,North Ridge,1699,2,3,74,0,0,,0,2024,10,2,1,293906
788,Old Town,1794,5,1.5,34,1,0,12914,1,2024,12,6,4.7,284561
295,Green Valley,2471,3,2,78,0,0,8240,0,2025,2,6,3.2,332093
114,Downtown,1523,4,2,1,2,1,7578,0,2023,3,9,2.9,443382
246,North Ridge,1343,3,1.5,50,2,1,12851,0,2025,6,,13.6,345333
416,Lakeside,1474,5,2,65,1,0,6288,0,2026,3,10,9.2,372334
162,Green Valley,1066,4,3,59,1,0,3959,0,2026,12,5,6.5,201421
412,Green Valley,3023,3,2,45,,0,7117,0,2026,2,7,0.9,416730
876,Green Valley,1920,3,1,68,1,0,4207,0,2025,2,9,33.8,269278
794,Old Town,2163,4,1.5,37,,0,10585,0,2026,7,2,23.1,258234
819,Green Valley,1548,5,2,63,1,0,7321,1,2026,2,10,10.6,279342
1128,North Ridge,2441,4,2,39,2,0,8858,0,2024,3,8,1.1,473591
931,Green Valley,2001,3,2,18,0,0,5526,0,2026,5,8,3.2,335369
248,Downtown,2951,2,1.5,20,0,0,10751,0,2026,7,5,1.6,631909
1113,Hillcrest,1382,3,3,54,1,0,9811,0,2024,1,4,2.9,234901
1110,Old Town,2354,1,3,51,0,0,7785,0,2025,10,7,4.1,278701
93,Downtown,1982,4,1.5,78,2,0,2168,0,2023,9,3,0.5,414759
382,Old Town,1544,4,3.5,57,0,0,5022,1,2025,2,3,0.7,195341
115,Downtown,1142,4,1.5,77,2,0,5859,0,2026,3,5,2.7,312172
769,Hillcrest,1083,4,2,52,2,0,4622,1,2024,12,9,5.4,229683
255,Green Valley,2204,4,1,79,2,0,7753,0,2022,7,6,0.5,315191
430,Green Valley,1958,4,1,51,2,0,2058,0,2025,6,7,19.3,246775
589,Old Town,1395,2,2,37,3,0,2196,0,2023,3,8,8.8,201980
179,North Ridge,2401,3,2,22,0,0,6585,1,2022,5,3,1.1,434120
630,Downtown,1249,1,2.5,1,1,0,,0,2022,4,,2,334744
390,Lakeside,3206,3,1,16,1,0,9212,0,2025,5,2,5.6,639983
133,North Ridge,1625,4,1.5,63,1,0,4303,0,2026,12,9,4.5,329672
747,North Ridge,1728,5,1.5,71,,0,8135,0,2024,9,,21.8,328197
1139,Downtown,1146,3,1,66,1,0,7436,0,2025,3,4,13.2,271848
841,Green Valley,1790,3,2,76,2,0,9727,0,2025,10,3,10.4,264240
290,North Ridge,1219,5,2.5,22,2,0,5898,0,2023,12,1,13.5,243972
247,West End,1777,3,1,0,2,0,6671,0,2024,8,1,1,275169
553,Green Valley,-1850,2,2,3,2,0,7156,0,2022,9,9,5.8,263039
90,Hillcrest,2772,1,,49,0,0,5643,0,2024,5,8,15.3,401915
193,Hillcrest,1446,3,1,51,2,1,10281,0,2024,7,6,1.2,335944
664,North Ridge,779,5,2.5,52,1,0,4050,0,2025,1,2,3.4,195771
1189,Hillcrest,1714,4,2.5,79,0,0,6898,0,2025,8,6,5.5,276977
437,West End,2023,1,1.5,53,0,1,9780,1,2026,10,6,24.2,323782
665,Downtown,1157,5,2,7,1,0,5179,0,2024,1,10,11.5,368489
640,Lakeside,1589,3,2,52,0,0,7026,0,2025,8,6,0.5,325301
147,Hillcrest,1634,4,1,28,1,1,4870,0,2023,2,1,1.9,264309
119,Hillcrest,962,4,3.5,34,2,0,3333,0,2025,6,3,5.3,192923
1161,Green Valley,2062,2,1,22,3,0,8960,1,2025,4,2,0.9,317543
1187,Lakeside,2237,5,2,12,2,0,6296,0,2023,5,9,14,480000
675,Hillcrest,765,2,2.5,57,1,0,5423,0,2023,9,7,0.8,160565
1091,Hillcrest,1610,3,1.5,39,1,1,8256,0,2025,4,3,2.9,308351
792,West End,2332,5,2.5,48,,0,7295,0,2026,9,8,7.5,395869
27,Downtown,2175,4,2.5,23,0,0,10076,0,2025,4,8,7.5,551076
15,Downtown,1376,2,2.5,9,1,0,6591,0,2026,5,5,3.6,342399
1023,Lakeside,2880,3,2.5,75,0,0,9048,1,2026,11,8,16.7,606670
83,Old Town,2365,4,1,49,2,0,2365,0,2023,4,6,2.7,275458
720,Green Valley,2858,6,3,60,1,0,5021,1,2026,5,7,14.2,451519
1008,West End,2803,2,,37,1,0,8840,1,2024,4,10,1.4,435715
737,Green Valley,2887,4,3,57,2,0,6796,0,2024,7,10,13.1,396230
601,West End,2519,3,2.5,9,3,1,4518,1,2026,2,6,13.5,434287
274,Old Town,970,5,1,70,2,1,9489,1,2025,9,3,0.5,165348
800,North Ridge,1678,1,2,72,2,0,10506,0,2023,10,8,24.1,303577
467,Downtown,2777,5,1,1,2,0,3840,0,2024,11,8,15.9,637167
1115,Hillcrest,1582,4,3,59,2,0,8657,0,2024,9,2,21.6,275601
1059,West End,1323,3,1,14,2,1,3186,1,2025,7,3,8.5,240250
448,Hillcrest,2971,3,1,5,2,0,1000,0,2024,2,6,24.3,421191
372,Old Town,2130,4,3,39,0,1,5621,0,2024,9,3,23.8,262554
558,Hillcrest,1522,6,2.5,18,1,0,5288,1,2025,10,8,1.9,327804
272,Downtown,1935,4,2,77,2,0,2004,0,2023,10,4,31.5,334377
606,Green Valley,1055,2,1.5,38,1,0,8882,1,2023,8,1,1.2,163444
450,West End,870,5,2,19,,1,5516,0,2024,4,9,9.4,232829
1099,Hillcrest,1523,3,2.5,45,2,0,8048,1,2024,11,9,15.6,290388
524,Downtown,1775,3,1.5,52,,0,7565,0,2022,6,1,1.1,359496
215,Downtown,2469,4,1.5,56,1,0,2917,0,2025,2,1,4.5,474053
345,Old Town,1402,4,2,55,1,0,7011,0,2026,9,2,6,185097
1055,North Ridge,2103,3,3.5,57,2,0,3028,0,2023,2,,3.1,362535
148,Old Town,2778,2,2.5,37,1,0,5590,0,2023,3,1,18.9,292172
413,Old Town,859,4,2,48,3,0,9788,1,2026,1,10,14.5,175859
1086,Hillcrest,1180,3,2.5,3,2,0,6591,0,2025,8,6,0.5,259008
1158,Green Valley,2789,4,3,44,3,0,7520,0,2025,3,10,0.9,413750
174,Downtown,2200,5,3,38,,0,3009,0,2024,5,5,22.3,498545
811,North Ridge,2795,2,2.5,48,2,0,7382,0,2026,11,3,8.7,505702
1006,GREEN VALLEY  ,2508,4,2.5,35,2,0,9094,0,2026,3,5,1.2,391653
306,Downtown,2745,3,2.5,1,1,0,7981,0,2023,3,8,1.8,656510
544,North Ridge,669,4,3,33,1,0,4755,0,2026,5,3,22.3,198192
862,Downtown,1483,4,3,76,0,0,13307,0,2026,10,4,4.9,384872
709,Downtown,2427,4,3,64,2,0,9025,0,2025,10,6,2.3,597250
860,West End,2987,6,1,41,2,0,3932,0,2024,1,6,5.4,467532
286,Old Town,1599,3,,69,2,0,6258,0,2023,12,,1.9,186853
222,Lakeside,968,5,2.5,28,2,0,7578,0,2026,12,3,22.3,265055
835,North Ridge,1425,2,2.5,15,1,0,1678,0,2022,3,1,2.4,262546
23,West End,2144,4,2,28,0,1,5703,0,2025,6,10,0.5,383959
895,North Ridge,1382,5,2.5,9,0,0,5094,0,2022,1,7,13.6,316042
117,North Ridge,2335,4,1.5,60,2,0,9643,0,2025,12,9,0.5,434515
344,Downtown,2967,2,3,75,1,0,,1,2024,3,4,0.9,612733
362,West End,1455,5,1,21,1,0,,0,2026,7,10,1.9,274158
96,Old Town,1884,3,1,46,2,1,5061,1,2025,1,8,6.2,255238
1005,Green Valley,1558,2,2.5,70,0,0,9476,0,2026,2,9,4.5,227387
262,Downtown,932,3,,22,,0,9196,0,2026,9,10,5.8,306947
922,Green Valley,2563,4,3,54,2,0,9404,0,2025,5,2,2.1,381547
802,North Ridge,2144,2,1,70,,1,7107,0,2022,7,9,0.5,378163
1083,Downtown,1380,2,1.5,76,0,0,3371,0,2025,8,8,3.4,334553
180,Downtown,1680,4,2.5,53,1,0,8339,1,2024,2,4,3.2,444037
103,Downtown,3023,3,2,61,2,1,1552,1,2025,12,8,20.8,633058
575,North Ridge,2276,6,1.5,7,,0,10916,0,2024,5,10,5.9,506261
564,Downtown,3150,3,2,50,3,0,9469,0,2025,4,8,11.4,663239
185,Hillcrest,788,3,2,70,2,0,,0,2026,10,,1.3,233110
468,West End,2370,3,2,13,0,0,10653,0,2025,11,,1.4,396907
983,West End,1268,3,1.5,34,3,0,8522,0,2024,6,4,8.5,250280
945,Old Town,1423,4,2,18,1,0,12769,1,2024,8,4,15.7,221860
72,Hillcrest,1490,2,2,47,0,0,5910,1,2026,10,10,4.8,307942
1021,Lakeside,1782,2,1.5,24,1,0,6505,0,2024,12,10,7.2,389581
996,Old Town,1721,5,2,31,1,0,5618,0,2022,4,,3.4,238520
347,Downtown,1986,2,1.5,40,1,0,8795,0,2025,3,3,3.3,421225
711,West End,1438,3,1,10,1,0,3953,0,2023,8,1,24,198923
1098,Lakeside,1311,3,1.5,67,2,0,12181,0,2025,11,7,20,292874
30,Green Valley,1407,2,2,27,3,1,8969,0,2024,9,8,8.2,278641
977,West End,3140,3,3,31,3,0,3698,0,2026,7,1,9.1,508952
40,Hillcrest,1526,4,2.5,55,3,1,5123,1,2022,8,4,17.4,251329
505,Green Valley,2923,3,1,11,1,1,6007,0,2024,7,2,13.1,380273
158,Hillcrest,2939,1,2.5,31,2,0,4349,1,2026,10,4,10.2,476829
659,Green Valley,1157,3,1,79,1,1,7190,0,2023,3,5,9.8,173287
636,West End,2456,6,2.5,17,0,0,8613,0,2025,1,2,2.4,400829
1071,Hillcrest,1103,3,2,16,2,0,9374,0,2026,4,9,0.5,263717
395,Green Valley,1738,4,3,72,2,0,7443,1,2022,5,10,4.7,268790
53,Hillcrest,2013,4,1.5,67,1,0,6120,0,2024,5,4,7.1,307023
820,Green Valley,1911,4,2.5,29,2,0,9143,0,2026,8,3,12,288042
360,West End,2572,3,2,14,1,1,2444,0,2022,6,10,0.5,402200
952,West End,1404,3,1.5,39,1,1,5434,1,2025,12,9,3,315270
403,Green Valley,1886,4,2.5,76,1,0,5485,0,2022,9,3,10.9,234802
422,Old Town,2367,3,1.5,48,2,0,6703,0,2024,5,,1.8,293820
449,Lakeside,1774,4,2,15,2,0,6385,0,2025,3,8,4.7,419557
678,Green Valley,2159,5,1,74,0,0,11263,0,2022,11,1,1.5,311335
285,West End,1518,4,2.5,57,1,0,4712,1,2025,5,5,1.4,259020
593,West End,2366,4,2,73,1,0,5749,0,2024,2,2,9.2,363901
228,Lakeside,1309,3,2,17,2,0,4196,0,2024,6,10,11,312384
354,Lakeside,1325,4,2.5,58,0,1,8002,0,2025,8,8,7.9,357542
10,Lakeside,1212,3,2.5,62,1,1,4582,0,2024,10,3,8.1,274324
984,Old Town,1798,5,2,26,3,0,6015,1,2026,4,4,32.9,260710
31,Downtown,1856,2,3,2,1,0,4615,1,2025,8,2,6.8,437856
1081,Lakeside,1681,5,2.5,73,2,0,10164,0,2026,5,2,24.1,382138
692,North Ridge,1350,1,1,14,3,0,6148,0,2024,4,3,18.5,227774
933,West End,1956,3,2,62,1,0,9466,0,2026,12,10,0.5,323056
753,West End,1090,2,2,14,1,0,7527,0,2023,7,9,3.7,217256
335,Green Valley,2723,4,2.5,70,,0,7804,0,2025,10,8,4.8,399403
463,Lakeside,1171,4,2,51,2,0,7058,0,2025,8,4,1.7,288642
8,Hillcrest,1831,3,2,41,0,0,5534,0,2024,10,5,42.7,270395
518,Hillcrest,848,3,1,10,1,0,12683,0,2022,5,7,0.9,213329
198,West End,1898,4,1.5,46,2,0,5635,0,2025,8,5,0.5,312503
297,Downtown,1974,2,3,26,1,0,1000,0,2022,8,1,0.5,424910
393,Lakeside,1962,4,1.5,44,1,0,8129,0,2026,6,5,29.4,416218
779,Green Valley,1974,2,1,78,1,0,8676,0,2025,7,9,14.9,292061
1080,North Ridge,1327,4,2,68,2,0,7197,0,2026,5,6,2.8,302232
1196,Old Town,1741,3,2,60,1,0,9765,0,2024,4,7,5.7,252943
765,North Ridge,1289,4,2,35,1,0,5802,0,2023,12,5,13.3,246721
511,Green Valley,1633,4,2.5,5,2,0,8771,0,2026,2,10,7.9,305531
781,Old Town,1366,4,2.5,41,0,0,7595,0,2025,1,1,11.8,187391
123,Hillcrest,1631,3,,16,1,0,6494,1,2022,5,2,42,242755
689,North Ridge,888,3,1,59,2,0,3800,0,2026,2,8,14.3,234428
379,Downtown,2584,2,2,16,2,0,6586,1,2026,7,2,1.7,612598
39,Downtown,2056,2,3,53,1,0,7267,1,2023,6,1,3,447319
327,North Ridge,1988,4,1.5,42,1,0,1414,1,2022,10,9,3.7,394293
786,Lakeside,1216,3,2.5,38,1,0,9631,0,2022,1,6,2.4,321672
892,Green Valley,2162,3,2,42,1,0,6728,0,2026,4,8,0.5,296989
163,WEST END  ,1459,4,2,69,3,1,1000,1,2024,11,4,2.3,218737
68,Downtown,1248,4,3,36,2,0,9308,0,2026,1,8,2.5,382946
125,North Ridge,1640,4,2,57,1,0,4074,1,2025,12,10,5.1,342251
552,North Ridge,2110,2,1,11,1,0,5130,1,2025,4,8,4.8,427476
5,Lakeside,1304,1,1,50,2,0,5803,0,2026,7,1,8.5,288747
1067,North Ridge,1915,4,2.5,50,2,0,6165,0,2026,5,2,15.9,384577
985,West End,1689,6,2.5,75,0,0,9655,1,2023,1,7,6.8,308815
1004,North Ridge,1176,4,1,33,2,0,5942,0,2026,5,2,3.3,291835
612,Lakeside,2074,3,1.5,75,1,0,6514,0,2025,9,,30.9,365694
748,Green Valley,1212,4,1,50,1,0,5913,0,2026,8,8,10,189629
288,Lakeside,1489,3,1,5,2,0,6804,0,2026,6,,5.7,361371
749,OLD TOWN  ,1322,4,2,73,0,1,7478,0,2025,5,10,0.5,213469
428,Downtown,1350,4,2,25,0,1,7027,1,2026,7,7,1.9,392537
609,West End,1758,3,3,17,2,1,10733,0,2025,8,,0.5,2078772
1075,Green Valley,400,5,2,3,2,0,4687,0,2025,6,1,24,112524
787,Hillcrest,1818,2,2.5,16,2,0,8951,0,2022,11,1,7,281247
799,Hillcrest,1404,5,2,58,3,0,9116,0,2024,9,2,4.2,275611
507,Green Valley,1825,1,3.5,50,1,0,9176,0,2025,6,,3.1,285982
357,Lakeside,1464,3,2,35,2,0,1000,1,2024,1,5,10.6,318291
400,North Ridge,1926,3,2,19,2,0,6287,0,2023,5,9,0.5,399406
1048,West End,2135,2,1,67,0,1,9624,0,2022,4,7,0.6,326832
353,Old Town,903,4,1,63,2,0,6497,0,2025,2,10,11,150368
1116,Green Valley,1538,3,,57,2,0,1342,0,2024,11,2,2.9,228353
956,Old Town,2221,3,2,68,,0,7737,0,2026,4,6,5.8,273438
699,Downtown,1257,6,3.5,40,2,0,9264,1,2024,6,1,4.9,368174
919,Old Town,2119,4,1,39,0,0,1413,0,2024,2,1,2.2,243229
668,North Ridge,1654,3,2,4,1,0,2372,1,2022,2,6,14.5,362926
261,West End,1916,3,1,58,1,0,7429,0,2024,8,9,13.6,295504
334,DOWNTOWN  ,2573,4,3,9,1,0,2869,1,2024,4,2,9.7,585282
154,Lakeside,1559,3,3,3,2,0,7870,0,2026,11,4,1.5,401961
397,North Ridge,2195,1,1.5,48,1,0,7666,0,2025,7,6,8.5,398996
502,Old Town,1427,3,2,63,2,1,6062,1,2024,9,4,16,207170
1137,West End,1909,3,2,9,0,0,9513,0,2023,8,9,2.4,327622
722,Green Valley,1668,3,1,79,1,0,6886,1,2023,11,4,2.2,250551
374,Downtown,2560,5,2,56,1,0,5652,1,2025,6,6,8.4,597679
591,Hillcrest,1676,6,2,43,,0,6298,0,2025,9,3,9,330869
313,North Ridge,1147,4,2,25,2,0,3622,0,2022,11,9,8.7,279286
599,Hillcrest,1931,4,2,23,1,0,7608,0,2024,9,10,1.1,360128
43,Hillcrest,2366,2,2,50,2,0,6815,0,2022,9,3,37,329906
646,West End,3386,5,2,57,2,0,4817,0,2025,5,7,1.2,502254
29,Old Town,2041,5,1.5,25,3,0,7629,0,2026,6,5,0.5,307858
523,West End,2501,4,3,22,1,1,8297,0,2026,2,2,3,425613
940,North Ridge,2238,4,2,26,1,0,5386,1,2022,12,6,3.1,449335
763,Lakeside,2260,3,1.5,24,2,1,5791,0,2024,2,4,4.7,496853
1027,Hillcrest,1151,3,,30,2,0,5688,1,2023,2,5,1,230081
141,Hillcrest,1427,3,2,65,2,0,10206,1,2024,10,5,0.5,289363
946,North Ridge,2183,3,3.5,16,3,1,10849,0,2022,2,2,2,447341
705,Hillcrest,1680,4,1,27,0,0,9020,0,2023,10,1,9.4,272182
994,Downtown,587,3,2,17,3,0,4168,0,2025,2,1,3.4,177968
905,North Ridge,1121,4,1,53,1,0,2370,0,2022,8,6,9.4,200035
988,Old Town,2421,3,3,48,2,1,6211,1,2022,6,9,1,319593
1118,West End,2075,4,2,68,1,0,3324,1,2026,8,7,9,311937
861,Downtown,2241,3,3,40,3,0,6337,0,2024,9,4,3.3,506823
137,Hillcrest,1809,5,3,72,2,1,8344,0,2023,7,2,17.7,315692
925,Old Town,2060,5,2,55,3,0,,0,2026,4,1,3.1,287651
855,Downtown,2756,3,2,33,2,1,10923,0,2024,8,9,1.6,690714
783,Lakeside,1686,2,2.5,75,2,0,12110,0,2024,11,8,0.8,388554
446,Hillcrest,2736,2,3,71,0,0,5861,0,2024,7,4,6.8,409188
670,North Ridge,1171,2,1.5,29,1,0,6207,0,2025,8,4,5,251651
744,West End,1202,4,1,32,3,0,10773,0,2026,5,6,10.3,272720
273,West End,1977,3,2.5,15,1,0,,1,2024,2,3,3.8,319260
1142,West End,1723,2,2.5,74,2,0,5645,1,2022,8,4,12.2,253031
520,Hillcrest,2481,2,2.5,63,0,0,1117,0,2025,9,3,0.5,368500
378,North Ridge,1895,4,1,67,2,0,2511,0,2022,1,5,3.4,317097
735,Lakeside,2598,3,1,68,2,0,5773,0,2024,6,9,5.5,556353
499,West End,1592,2,2,43,2,1,5282,0,2026,6,10,2.2,328895
615,West End,1641,4,2.5,26,1,0,8936,0,2026,3,10,11.2,312405
1143,Hillcrest,421,2,3,70,1,0,7829,0,2022,3,3,6.1,106524
1102,Hillcrest,865,3,3,26,0,0,5340,1,2023,6,1,1.9,185628
1017,Green Valley,2134,2,2,29,1,0,11763,1,2026,4,10,4.4,361135
1084,Hillcrest,1281,5,2.5,20,2,0,4056,0,2026,4,3,18.3,264378
677,Old Town,1787,2,1.5,1,2,0,8492,0,2023,4,10,9,271917
910,Green Valley,1620,1,1,17,0,0,10329,0,2026,5,8,17,248625
98,Old Town,2272,3,2.5,60,0,0,7766,0,2025,12,10,0.6,299312
1016,Old Town,763,1,2.5,13,1,0,6751,1,2024,9,5,0.5,124525
129,Lakeside,1650,3,,5,1,0,4829,1,2025,12,3,3.9,432397
1079,North Ridge,1814,3,1,5,2,0,11716,0,2025,10,2,4.3,382649
623,Green Valley,1702,3,2.5,22,2,0,1540,1,2026,6,2,4.9,277953
545,West End,1564,3,3.5,40,2,0,7844,1,2026,1,7,0.5,328480
380,Lakeside,1269,4,2,49,2,0,6208,0,2025,2,7,15.2,281430
986,West End,1505,3,1,19,0,0,8117,0,2023,9,1,4.7,273397
204,OLD TOWN  ,2283,2,1,69,0,0,7246,0,2023,10,7,2.2,291641
344,Downtown,2967,2,3,75,1,0,,1,2024,3,4,0.9,612733
1039,West End,2770,3,1.5,4,0,1,6065,0,2024,5,6,6.9,421932
655,Green Valley,1310,6,2.5,18,2,0,3805,0,2023,12,1,16.6,213493
1129,Green Valley,2572,5,2,79,1,0,5658,0,2025,5,3,20.4,323764
519,Lakeside,1946,2,2.5,14,1,0,7226,0,2025,4,1,1.6,385019
780,Downtown,2009,3,2,27,1,0,11714,1,2023,3,3,9.5,516571
235,North Ridge,1183,4,2,66,0,0,5459,0,2024,9,8,3.9,264217
489,West End,2482,4,,58,2,1,6202,1,2026,8,3,1.3,390626
238,Downtown,1920,3,1.5,56,,0,7022,0,2022,4,8,4.5,417996
550,Old Town,2025,5,2,61,1,0,7431,0,2025,1,10,1.2,284461
401,Green Valley,2498,4,1,46,2,0,5807,0,2025,3,6,18.4,351726
571,Old Town,1753,3,1,7,2,1,5334,1,2024,8,3,10.5,234016
233,Old Town,1166,3,1.5,55,1,0,3328,1,2025,3,5,0.5,168525
795,West End,1807,3,1,22,2,1,,0,2024,11,6,1.5,326363
683,Hillcrest,1879,3,2.5,6,3,0,8286,0,2022,8,,6.1,374810
443,WEST END  ,1928,2,2,79,2,0,6092,0,2025,5,1,9.5,277344
1140,Hillcrest,2541,2,2.5,71,2,0,8753,1,2024,8,3,27.2,382515
719,Lakeside,2170,4,2.5,15,0,0,6510,1,2026,8,1,9.7,481978
797,Downtown,1108,3,1,3,0,0,4971,0,2025,3,7,11.3,296939
99,Hillcrest,2113,2,3.5,31,2,0,8061,0,2024,3,2,10.9,339780
515,Green Valley,1486,4,2.5,6,2,0,7100,0,2026,12,7,2.3,273426
1197,North Ridge,2016,4,2.5,57,3,0,7915,1,2026,8,8,6.4,457393
512,Hillcrest,715,1,3,26,1,0,7616,1,2025,1,5,1.3,167848
886,North Ridge,1308,4,3,18,2,0,5555,1,2026,7,3,4.2,329949
218,Old Town,2439,5,1.5,61,1,0,5930,0,2023,5,6,21.2,263465
361,Old Town,3443,4,1.5,59,1,0,4216,0,2022,3,9,8.4,404788
559,Green Valley,2775,3,2,1,0,0,4950,0,2026,6,5,5.4,400768
500,Old Town,2076,3,2,5,2,0,3936,0,2026,11,2,6,252975
1183,Old Town,2213,3,2,53,1,0,,1,2023,8,3,16.5,261122
226,Green Valley,1328,3,2,30,0,0,4548,0,2025,11,4,1.8,216530
19,West End,2454,3,2,5,2,0,4204,0,2022,8,7,0.5,365202
169,North Ridge,2262,3,1.5,55,1,1,7793,0,2024,9,2,1.3,427414
1038,Green Valley,1278,2,3.5,11,1,0,8672,0,2026,11,9,26.6,193386
293,Lakeside,2741,4,2.5,76,0,0,10046,0,2024,6,3,14.3,543890
1042,Lakeside,1314,4,2.5,11,1,0,5675,1,2025,7,7,5.3,386643
398,DOWNTOWN  ,1921,3,3.5,28,1,0,6199,0,2025,3,9,9.3,478987
1043,Lakeside,400,3,2,17,1,0,6297,0,2022,5,5,14.5,127038
1066,West End,2251,3,2,73,0,0,5008,0,2026,4,2,2.3,337699
541,North Ridge,2302,4,1.5,9,0,0,9295,0,2023,3,6,5.3,460292
329,Downtown,1385,4,2.5,0,2,0,7785,0,2026,9,2,3.9,439457
796,Downtown,947,4,3.5,21,1,0,7133,1,2026,1,6,2.4,351664
849,West End,1512,4,3.5,51,1,0,5008,0,2023,12,7,8,277139
303,Lakeside,3294,2,,56,3,0,7758,0,2026,11,10,8.5,647038
1165,Old Town,1034,3,1.5,78,2,0,8075,0,2022,8,9,3,143597
1194,Old Town,2351,2,2.5,19,,1,,0,2026,10,1,4.1,334162
94,West End,1068,3,3,2,1,0,11253,0,2025,7,9,1.9,290272
214,Hillcrest,693,1,1.5,62,3,1,4010,0,2026,12,6,11.7,145360
771,North Ridge,2053,4,2,42,0,0,6099,1,2025,8,2,1.7,410669
338,Hillcrest,2106,3,1.5,59,2,0,4012,1,2026,6,1,9.4,312495
426,Downtown,1104,2,2,48,1,0,3721,0,2025,6,2,0.5,240897
804,Green Valley,2116,3,2,48,0,0,8660,0,2023,2,3,13.7,298571
213,West End,2065,2,2.5,70,3,0,7094,0,2025,1,2,2.8,293074
619,North Ridge,2188,4,2,31,3,0,6723,0,2026,9,7,16.2,456467
116,Green Valley,724,3,1,55,2,0,3157,0,2023,3,4,3.9,95586
159,Old Town,2408,2,2,32,,0,2958,1,2022,10,3,8,279591
953,West End,1713,3,1,44,0,0,5915,1,2026,2,1,3.8,269949
113,Downtown,1697,5,1.5,53,0,1,6573,0,2023,7,9,6.1,428956
37,West End,1483,5,3.5,47,0,1,8702,0,2024,12,8,6.9,318878
106,Green Valley,1468,4,3,70,,0,5350,0,2026,11,10,1.1,246409
363,West End,1482,3,2,62,3,1,3774,0,2025,3,8,9.5,246260
851,Downtown,1688,2,2,43,2,0,1813,1,2026,1,10,1.1,444906
717,North Ridge,2891,3,2.5,76,2,0,,0,2026,3,3,3.5,526511
757,West End,3308,5,2.5,9,1,1,8988,0,2025,7,4,15,543201
734,Green Valley,2043,4,1,55,2,0,11387,0,2026,8,,4.6,303796
759,Green Valley,1925,4,1.5,3,1,0,9283,0,2025,5,3,7.2,297157
366,Green Valley,3000,3,2.5,24,2,0,7527,0,2026,7,9,3.3,450817
980,Hillcrest,2185,3,1,27,1,1,6462,0,2024,2,7,6.7,364109
442,Old Town,2664,3,1,9,0,0,8499,1,2025,6,3,10.7,366346
1014,Green Valley,1704,2,3.5,34,1,0,7039,0,2026,4,4,37.2,245505
566,Lakeside,2080,3,2.5,62,1,0,1000,0,2023,5,2,3.7,384670
352,Downtown,1281,3,3,27,2,0,6106,0,2025,3,7,3.4,368968
491,Old Town,2656,4,2,2,2,0,4716,0,2025,9,5,1.3,366802
250,Old Town,2978,4,2,15,3,0,2966,1,2024,6,4,14.8,371929
477,Downtown,2968,3,3,20,1,1,5325,0,2024,10,4,0.9,673930
635,Old Town,2867,5,2,50,3,0,,0,2024,6,8,3.5,383187
1087,Old Town,1880,6,2.5,23,1,0,6123,0,2024,12,3,0.5,248363
407,North Ridge,1437,3,1.5,18,2,0,5382,1,2026,4,4,7.5,299827
1126,Downtown,2078,2,2,73,0,0,3725,0,2026,10,9,2.5,462915
165,Hillcrest,1006,4,3,79,3,0,5274,0,2024,5,5,1.2,206181
782,Hillcrest,2445,5,2.5,79,0,0,7314,0,2025,1,2,12.6,385738
455,North Ridge,1510,2,2,25,2,0,6601,0,2024,8,9,5.4,322535
174,Downtown,2200,5,3,38,,0,3009,0,2024,5,5,22.3,498545
1109,West End,1844,3,2,65,1,0,4641,0,2026,4,8,1,302518
1157,Old Town,2591,5,1.5,16,2,1,10018,0,2026,3,2,1.3,370620
84,Old Town,2681,3,,77,1,0,3914,0,2025,4,9,7.2,306053
1009,North Ridge,1482,2,2,58,0,1,7592,0,2024,2,9,1.1,334479
296,Lakeside,834,6,3,43,2,1,6352,0,2024,1,7,5.6,306187
653,Downtown,1868,5,,41,1,0,5471,1,2026,12,9,31.7,478622
71,Downtown,1847,4,2,4,1,0,6944,0,2025,4,5,0.9,2993676
644,Green Valley,730,2,2.5,10,2,0,1730,1,2023,1,3,18,146998
821,Hillcrest,1904,4,2,35,2,0,5377,1,2024,1,7,13.2,331187
611,Downtown,2009,1,1.5,56,2,1,4592,0,2026,9,10,7.4,444533
960,Downtown,1516,2,2,28,2,0,10684,0,2024,11,2,10.1,377064
65,West End,1918,3,2.5,32,,0,,0,2022,11,2,6.3,304345
1133,West End,1926,5,,4,1,0,7906,1,2025,6,3,3.7,338339
1173,Hillcrest,2366,3,,17,,0,4258,0,2024,11,2,20.7,380402
853,Green Valley,908,3,1,43,2,0,3339,0,2026,4,10,5.4,159581
938,North Ridge,2048,3,2,72,3,0,7537,0,2026,9,4,0.5,359002
1121,North Ridge,1816,2,2,40,0,0,7176,1,2022,9,4,1.4,318646
128,Lakeside,1765,3,1,38,2,0,4189,0,2023,2,8,3.3,399663
339,North Ridge,1441,2,2.5,73,3,0,5381,0,2023,10,10,0.5,306309
2,Downtown,2153,5,,29,1,0,4899,0,2023,7,6,7.6,489595
949,Downtown,1023,5,1.5,70,0,0,12566,0,2023,4,1,22.3,229056
540,Hillcrest,1559,2,2.5,13,2,1,8266,0,2022,6,3,2.9,269092
602,Lakeside,2572,4,1,71,2,0,12652,0,2024,1,3,20,505892
309,North Ridge,1527,1,2,37,0,0,9106,0,2023,7,5,2.6,238512
586,Downtown,1124,3,1,0,0,0,7654,1,2025,10,8,14.7,339665
1090,Downtown,1636,2,1,67,0,0,6938,0,2022,3,6,4.7,336977
411,Old Town,1439,4,3,25,2,0,5251,0,2024,12,1,4,212456
172,West End,2554,4,2,76,0,1,10037,0,2026,12,4,6.4,419056
418,North Ridge,2260,6,1,18,,1,7273,0,2024,2,4,1.1,514246
739,Lakeside,1342,3,1,74,1,1,6779,0,2026,5,2,17.3,307755
838,Hillcrest,2055,4,3,78,2,0,9855,1,2025,5,2,0.7,341033
1065,North Ridge,2079,4,1.5,2,0,0,7739,0,2025,11,1,5.8,418172
995,North Ridge,1746,2,1.5,45,1,0,6030,0,2024,4,5,1.7,298335
604,North Ridge,1057,4,2,69,0,0,6818,0,2026,3,7,30,253274
1015,West End,1497,2,2,4,2,0,8083,1,2026,2,2,16.9,281582
883,Lakeside,2571,3,2,37,3,0,7685,0,2024,5,10,1.5,541461
461,Hillcrest,2311,4,2.5,62,1,0,6311,1,2025,10,3,5.4,384444
44,Old Town,1588,5,2.5,19,0,0,8445,0,2026,2,9,60,228485
638,Lakeside,3264,3,2,29,2,0,4294,0,2026,1,5,4.1,667697
424,Hillcrest,1736,4,3,62,2,0,5275,0,2022,1,2,0.6,256293
728,West End,1300,2,1,8,1,0,6809,1,2026,4,3,9.5,216855
923,Hillcrest,1918,4,1.5,51,2,0,5781,0,2026,10,5,2.2,330231
316,North Ridge,1952,3,1.5,66,2,0,6612,1,2024,11,1,1.3,353299
377,North Ridge,1691,3,3,8,2,0,5714,0,2024,7,5,25.5,319622
525,West End,1688,2,2.5,36,1,0,6083,0,2025,7,4,5.3,274193
333,Old Town,1386,4,3,5,2,0,7504,0,2026,1,9,10.2,211103
439,Old Town,2170,6,3.5,0,3,0,3705,0,2022,4,5,12.9,295112
1049,Green Valley,784,4,2.5,70,1,0,9224,0,2023,1,7,18.3,145303
151,Downtown,2610,3,1,64,1,0,7734,0,2026,8,,1.2,547081
38,Downtown,1519,3,2.5,20,1,1,6259,1,2025,11,5,2.3,423140
557,Hillcrest,788,2,1,68,1,1,7148,1,2025,9,6,4.9,172855
926,Lakeside,1377,3,2.5,54,2,0,11472,0,2026,12,9,9,335489
751,Old Town,2509,3,3.5,14,1,0,3685,0,2025,6,2,13.3,303200
1101,Hillcrest,1874,3,2,12,2,0,5821,0,2026,2,9,16.7,357223
955,Old Town,1290,3,2.5,24,0,0,6274,0,2024,4,2,4.5,209680
1095,West End,1683,3,1.5,55,2,0,6665,0,2026,11,2,4.2,283502
725,Hillcrest,1378,2,,24,2,0,5426,0,2022,12,7,0.6,265136
822,Green Valley,1802,4,1.5,66,2,0,8184,1,2022,9,10,6.8,304804
410,Downtown,1757,3,3,25,2,0,6265,1,2025,2,5,0.8,426019
144,West End,1447,5,1,21,2,1,4898,0,2025,8,,3,298598
1012,Downtown,651,4,1.5,71,1,0,5458,0,2025,8,5,0.9,213901
527,Lakeside,2224,5,2,14,0,1,10694,0,2024,8,4,9.7,517488
1198,West End,1924,4,3,26,,0,6190,1,2026,3,4,10,379857
584,Green Valley,1709,6,1.5,6,2,1,11065,1,2023,1,4,11.7,342810
976,Old Town,3104,2,2,78,0,1,11650,0,2026,4,10,6,374207
567,Green Valley,2470,3,1.5,56,2,1,5327,1,2025,5,4,1.3,368824
943,Green Valley,1664,4,2.5,62,1,1,7004,0,2026,5,7,0.5,279232
209,Downtown,1449,3,2,64,1,0,5789,0,2026,9,1,1.9,344724
857,West End,1365,4,2.5,68,2,0,11493,1,2025,10,6,3.4,286265
441,Lakeside,2218,3,2.5,24,2,0,6298,0,2024,11,4,21.5,434303
132,Lakeside,2532,3,1,19,1,0,7151,0,2024,5,2,16,527662
381,Lakeside,2040,2,1,39,2,1,2551,0,2026,8,4,9.7,444468
175,Green Valley,2186,5,2,60,0,0,4064,1,2026,6,5,8.1,307739
534,West End,1969,2,3,20,1,0,5579,0,2024,7,2,3.4,317739
704,North Ridge,2069,1,2,39,1,0,10616,1,2026,11,6,9.6,394871
271,Green Valley,2079,2,3,77,1,0,4240,0,2023,6,6,31.1,247465
408,North Ridge,2045,2,2,51,1,0,2177,0,2026,10,6,0.5,400367
1026,North Ridge,2105,2,3,21,0,0,6923,1,2022,5,5,1.9,395691
124,North Ridge,823,2,2.5,79,2,0,10420,0,2024,11,1,6.8,182927
139,North Ridge,1929,4,1,41,3,0,7399,0,2025,9,5,5.5,404060
880,Green Valley,1373,1,2,51,1,1,9618,1,2026,3,9,1.2,229106
52,Lakeside,2890,3,2.5,55,1,0,3782,0,2023,2,6,15.4,527083
733,West End,504,3,2,27,2,0,6032,1,2025,10,10,4.5,180438
625,Lakeside,1688,2,1,51,2,0,4538,0,2026,2,1,0.8,363991
778,Lakeside,1611,6,2.5,49,3,0,9851,0,2026,5,1,4.4,372848
276,Downtown,2485,2,1.5,1,1,0,10416,0,2026,11,3,14.2,603010
785,West End,2149,3,2,0,2,0,5965,0,2024,8,7,12.9,376696
504,Downtown,3192,3,,17,2,0,7219,1,2026,2,6,0.5,715670
343,Lakeside,2806,3,3,63,2,1,8923,0,2023,2,2,0.5,536667
257,North Ridge,1327,4,2,73,0,0,5377,1,2025,5,6,1.2,301363
183,Old Town,1342,3,3.5,67,1,0,2413,0,2025,6,1,11.5,197158
618,North Ridge,1002,4,3,41,1,0,6052,1,2023,6,3,21.3,226288
301,Lakeside,1464,4,1.5,54,2,0,3263,0,2024,11,8,6.7,313444
959,West End,1223,5,1,67,,0,6854,0,2025,3,2,9.7,191884
691,Downtown,991,3,1.5,31,2,0,10473,0,2025,4,5,0.9,332678
49,North Ridge,584,3,2,28,2,0,11684,1,2026,4,3,2.3,229660
241,Old Town,1426,2,2,0,1,0,9764,0,2026,11,6,19.1,195148
231,Lakeside,1200,3,1.5,13,1,0,8496,0,2023,7,8,15.2,339984
666,West End,2412,3,2.5,17,2,0,4724,0,2025,10,6,7,359129
327,North Ridge,1988,4,1.5,42,1,0,1414,1,2022,10,9,3.7,394293
718,Downtown,1440,5,2.5,22,3,0,6545,0,2024,12,5,30.5,343210
459,Green Valley,770,2,2,25,0,0,4424,0,2024,4,10,7.4,145731
682,Green Valley,1521,4,1,1,2,0,,0,2026,7,2,4.5,221199
807,North Ridge,1189,4,2.5,47,3,0,9009,0,2025,10,2,12.3,294990
663,Green Valley,2397,5,2,33,0,0,5833,0,2026,12,6,3,342481
1064,Lakeside,1840,1,3.5,66,1,0,4578,0,2024,10,8,3,408535
466,Green Valley,1047,2,3,74,,0,7980,1,2022,6,3,7.2,146486
164,Hillcrest,2118,4,,61,1,0,5604,0,2026,1,1,1.8,360909
168,Lakeside,1556,3,,12,1,0,11073,0,2023,7,8,4.3,369878
146,Hillcrest,1869,5,2,54,2,0,7833,0,2024,8,10,3.1,368219
207,Downtown,1812,3,2,37,1,0,8033,0,2024,2,5,0.9,431225
501,Hillcrest,2140,1,2,76,3,0,6270,1,2024,8,7,2.6,307583
189,Lakeside,447,2,1.5,69,1,0,8043,1,2025,11,6,5.5,174089
1054,Green Valley,918,3,2,44,1,1,8657,0,2023,4,8,4.7,217188
325,Downtown,1908,3,2,31,2,0,7793,0,2026,3,8,11.4,487637
658,Lakeside,1736,3,1,53,1,0,6483,0,2026,10,4,9.3,366570
1186,Downtown,1643,3,2,1,1,0,8456,0,2023,4,4,1.2,388672
715,Lakeside,1278,4,2.5,22,3,0,10495,0,2023,2,1,10.7,319876
1122,Hillcrest,2718,4,1.5,56,1,0,8737,0,2023,11,3,4,402462
80,West End,2045,3,1,16,2,0,,0,2025,7,3,27.6,315272
1107,GREEN VALLEY  ,1509,2,2,76,1,0,5469,0,2025,3,3,6.5,196069
688,North Ridge,1369,5,2,39,2,0,5813,0,2026,3,9,2.6,337966
167,Hillcrest,1644,4,3,55,1,0,4928,0,2023,4,10,1.2,300972
230,Old Town,886,3,1,37,2,0,8148,1,2026,12,,7.2,158719
1169,Lakeside,1984,4,2,51,1,0,8083,0,2026,1,7,0.9,457421
1076,North Ridge,-1144,5,2,9,2,0,5374,0,2023,6,5,10.1,278480
741,Hillcrest,2163,3,,37,1,0,7249,0,2026,3,4,13.7,349766
101,Old Town,1286,2,3,0,2,0,1980,0,2025,4,2,49.1,142943
291,North Ridge,1679,6,3,22,2,0,9545,0,2025,2,7,11.2,420535
445,Old Town,1742,3,2.5,57,1,0,3601,0,2026,3,3,0.9,190180
879,Lakeside,2580,3,3,61,2,0,6072,0,2026,12,10,1.5,549338
740,West End,1764,3,2,41,3,0,12429,0,2024,5,2,9.1,339511
392,Lakeside,1942,2,2,41,1,1,4787,0,2024,6,8,12.2,410081
87,Downtown,1297,1,2.5,69,0,0,11726,0,2026,10,4,10.3,279360
1094,Green Valley,1749,6,2,34,1,0,9539,0,2023,10,5,5.4,278403
667,Green Valley,1161,4,2.5,56,2,0,7481,1,2026,2,8,1.3,226262
1093,West End,2374,3,2,53,2,0,5590,0,2024,6,7,2.5,352616
476,Old Town,1617,3,,25,0,1,,0,2026,10,4,21.7,211006
45,Lakeside,2581,4,2.5,58,3,0,9754,0,2023,1,10,6.1,557649
789,Lakeside,2506,2,1,45,1,0,6769,1,2024,5,7,0.5,511978
1003,Lakeside,1653,2,1,53,2,0,4163,1,2024,9,5,9.6,366082
25,Green Valley,400,5,2.5,54,2,0,8174,0,2026,8,2,0.9,128464
833,West End,2152,2,2.5,22,2,0,6170,0,2026,10,8,7.2,373293
592,West End,1941,2,1.5,43,1,1,6198,0,2024,10,4,3.9,313144
1190,Old Town,1167,4,1.5,58,1,0,4761,1,2025,9,5,2.6,205267
974,Green Valley,1920,3,1,22,2,0,2350,0,2024,4,3,15,269427
1057,West End,750,4,2.5,33,0,0,6110,0,2024,7,8,14.3,214088
110,Green Valley,2511,3,2,37,3,1,6853,0,2026,5,3,5.3,343181
223,Old Town,1394,4,2.5,40,2,0,7849,0,2022,7,6,40.5,192797
1053,North Ridge,1991,2,2,69,2,0,6444,0,2023,5,7,1.2,347413
723,Hillcrest,1422,3,1.5,30,,0,6742,0,2026,11,6,3.7,291732
56,Hillcrest,400,3,2,6,0,0,12010,0,2023,3,10,9,192874
1192,North Ridge,1722,3,1.5,52,1,0,2212,0,2026,12,7,0.5,315294
254,North Ridge,2432,5,2,25,1,0,9418,0,2024,4,1,1.9,454589
643,West End,897,4,3,48,2,0,,1,2024,1,7,17,203806
546,West End,1072,3,1,9,1,0,7883,1,2026,3,4,11.1,261661
478,Lakeside,2217,1,3,27,2,1,6987,1,2026,12,10,8.1,534352
950,Hillcrest,2089,2,2.5,38,1,0,5064,0,2025,6,8,0.5,343917
844,Lakeside,1168,3,1,44,2,0,6571,0,2022,6,10,4.7,251270
64,North Ridge,3276,3,2.5,41,2,0,5639,0,2026,12,4,18.6,543999
414,Green Valley,400,5,2,52,1,0,,1,2025,8,8,6.4,102847
385,Old Town,1924,3,2,17,3,0,3395,1,2025,3,4,0.6,284032
975,Green Valley,2802,3,2,0,1,0,11567,0,2026,12,9,3.3,449018
885,Hillcrest,2447,3,2,62,2,1,5338,0,2025,11,10,6.1,407220
452,West End,1357,4,3,70,2,0,9175,0,2023,5,7,1.6,266434
657,Green Valley,700,3,3,22,3,0,5502,0,2022,5,3,9.4,122573
370,Downtown,2521,4,2,40,,0,4633,1,2026,2,9,12.1,617153
690,Old Town,2937,3,1,72,2,0,6549,0,2025,3,6,0.8,344292
220,North Ridge,2459,6,3,21,1,0,6978,1,2025,5,7,0.5,530739
1138,Hillcrest,2656,4,3,33,1,0,6864,0,2024,8,7,4.1,464992
22,Old Town,1066,3,2,5,3,0,3947,0,2026,1,9,28.8,182852
761,Green Valley,1887,5,2,79,2,1,3822,1,2026,1,2,8.7,273687
870,North Ridge,1310,2,2,64,2,1,9219,1,2022,2,10,13,253817
421,North Ridge,968,3,3,75,2,0,2566,0,2024,3,5,0.5,222050
200,Green Valley,1763,2,1.5,41,3,1,5642,0,2022,12,10,3.9,278810
451,West End,1883,2,2,79,0,1,8212,0,2024,11,6,6.8,290597
1020,Old Town,400,3,1,63,1,0,6397,0,2024,12,9,15.1,96219
912,West End,2330,2,2,69,1,0,7257,0,2025,1,9,3.8,386303
697,North Ridge,1362,3,1.5,51,2,0,5874,0,2022,4,6,14.4,244565
812,North Ridge,2592,4,1.5,79,0,0,7640,1,2026,9,3,6.4,472913
1185,Downtown,2066,5,2,27,1,0,,1,2026,1,10,1.4,591068
911,North Ridge,2000,2,2,46,1,0,1000,0,2025,12,9,6.6,355030
1050,Old Town,1456,2,1,61,3,0,9181,0,2024,6,2,3,191724
506,North Ridge,2084,3,3.5,51,2,0,2735,0,2024,2,10,3.2,392265
406,Lakeside,810,4,2.5,14,0,0,6961,0,2024,1,8,4,250916
318,West End,1151,3,3,33,2,0,5478,0,2024,1,5,0.5,222425
184,Green Valley,885,2,1.5,66,2,0,3899,0,2025,5,2,3.1,89444
1127,North Ridge,1678,5,2,56,2,0,7990,0,2023,5,2,2.7,320679
610,North Ridge,2014,1,3,55,0,0,6577,1,2025,1,1,43.3,330065
627,North Ridge,1087,3,,63,2,0,,0,2026,4,4,7.7,233037
486,Old Town,2056,3,2,47,2,0,9090,0,2022,9,8,6.6,263273
279,Lakeside,1818,3,3,11,0,1,8041,0,2024,11,3,13.8,392759
631,Green Valley,1156,4,2.5,17,1,0,4992,1,2024,9,7,1.3,226012
21,Old Town,2343,3,3,17,3,0,8163,0,2026,10,,13.8,303962
171,Hillcrest,1565,3,2.5,53,0,0,6341,0,2024,11,1,12.3,236954
902,GREEN VALLEY  ,2497,4,2.5,79,2,0,7818,0,2025,9,8,0.5,321840
1040,Green Valley,1624,3,2.5,49,1,0,10785,0,2025,7,8,5.9,300730
177,Hillcrest,2012,3,2,78,2,0,5401,0,2026,11,4,4.8,329084
328,Downtown,3396,4,2,6,2,0,3394,0,2026,4,9,2.6,759198
707,Old Town,1828,2,2.5,14,2,1,4904,0,2026,5,6,6.2,311966
471,Downtown,1935,2,2,11,0,1,3046,0,2026,1,10,4.5,503099
1120,North Ridge,1106,3,3,12,1,0,8201,1,2022,3,2,25.3,265886
267,North Ridge,2342,3,2.5,78,0,1,8696,1,2024,5,4,0.9,443760
616,Lakeside,2427,2,3,73,1,0,3376,0,2023,4,8,12.6,442994
131,Lakeside,3002,2,2.5,68,1,0,1916,0,2026,11,7,0.6,604272
866,Lakeside,1995,3,2,59,1,0,5940,0,2024,12,5,1.5,391175
1164,Old Town,2011,3,,1,2,0,2212,1,2026,9,1,1.3,316774
1123,Old Town,1748,4,1.5,52,2,0,3304,0,2023,11,4,14.9,220742
490,HILLCREST  ,1452,3,3,45,0,0,8799,0,2026,1,4,14.7,297109
607,Downtown,1997,3,2.5,32,0,0,4531,1,2025,12,10,5.9,506813
417,Downtown,1136,3,1.5,41,2,0,6894,0,2026,12,7,14.7,292724
153,Lakeside,1577,1,2,3,1,0,,0,2023,7,6,4.1,348372
890,West End,1637,2,1.5,77,0,0,5541,0,2024,3,3,60,168688
850,Old Town,1225,2,2,18,1,1,3730,0,2025,1,8,6.5,215726
280,North Ridge,1819,5,2,69,1,0,7563,0,2025,10,9,20.4,357406
1035,Lakeside,1653,3,1.5,0,0,0,6097,0,2026,3,2,4.4,402119
270,West End,720,4,2,67,3,0,5270,0,2022,1,3,0.5,132221
97,Downtown,1871,5,3,76,1,0,8770,0,2026,5,,2.3,434054
211,Old Town,1927,1,2.5,23,1,1,1340,0,2026,3,3,1.9,257579
570,Green Valley,1672,2,2,1,1,0,9004,1,2026,8,10,17.4,291922
1170,Old Town,1632,2,1.5,32,1,0,6673,0,2023,4,1,4.5,169738
872,Green Valley,1359,5,2,29,3,1,1671,0,2024,3,3,2.3,212214
533,Hillcrest,2121,3,2.5,71,3,0,5876,0,2025,10,,1.4,344813
1167,Downtown,1498,4,2.5,36,1,0,5810,0,2023,1,4,5.9,371250
1100,Lakeside,2546,2,1,77,2,0,6724,0,2023,3,4,1.8,466453
713,Green Valley,1743,3,1.5,60,2,0,4435,0,2024,1,4,1.2,235932
78,North Ridge,1164,3,2,60,1,0,11019,0,2022,11,6,5.5,220145
264,Hillcrest,2197,6,1,43,2,0,6670,1,2026,10,2,8.9,417225
97,Downtown,1871,5,3,76,1,0,8770,0,2026,5,,2.3,434054
150,LAKESIDE  ,2509,2,2,70,3,0,9893,0,2024,1,,0.9,523060
470,North Ridge,1817,2,3,48,2,1,6659,0,2026,10,4,4.8,385584
565,West End,2048,4,,10,2,0,10731,0,2023,8,10,1,360919
462,West End,2077,3,1,66,2,0,9002,0,2025,2,1,0.6,315832
897,North Ridge,1837,3,3,56,2,0,8310,0,2022,11,8,7.9,346432
696,Lakeside,2611,3,1.5,73,2,0,,1,2023,12,6,1.5,531759
929,Green Valley,2605,4,2,72,0,1,6810,0,2025,2,7,11.1,392361
587,North Ridge,2198,3,2,25,0,0,2430,0,2022,3,2,14.3,376198
244,North Ridge,1738,6,2,36,3,0,9731,0,2022,7,2,15.2,368544
1112,Lakeside,1250,4,1,21,2,0,4454,0,2026,5,8,9.2,360668
752,Green Valley,2196,4,2,37,2,0,2782,0,2023,8,,25.5,306213
649,West End,2187,2,3,46,2,1,7077,0,2024,6,7,15.6,323295
596,Downtown,2037,6,1.5,16,2,0,8591,1,2026,1,6,23.2,513291
314,Lakeside,1301,2,3,34,,0,4089,0,2025,11,9,12.3,290991
934,Lakeside,3491,5,1,41,2,0,1771,1,2024,10,5,2.7,673869
156,Lakeside,1294,3,2,42,3,0,2378,0,2026,4,,4.3,363438
1151,Downtown,1645,4,3,49,1,1,4951,1,2025,6,5,32.3,393409
1000,Old Town,3005,4,1,48,,0,,0,2026,2,1,3.9,347734
1047,Downtown,1844,3,3,16,1,0,3782,0,2026,7,5,30.2,433093
26,North Ridge,1282,5,2,45,2,0,8163,0,2026,3,4,9.2,307962
197,Downtown,1874,4,1.5,8,2,0,6119,0,2023,5,7,5.4,445919
1089,West End,2010,4,2,2,2,0,6719,0,2024,5,,5.3,344211
16,Lakeside,1831,2,1,33,3,0,8778,0,2025,1,10,4.2,437533
884,Green Valley,2267,6,1,42,2,0,8240,1,2022,3,4,15.8,293149
622,Lakeside,2694,1,2,74,0,0,7378,1,2024,4,3,5.5,496533
1051,Green Valley,2316,3,2,40,2,0,6327,0,2025,3,7,7.1,300239
1068,Hillcrest,1561,4,2,66,1,0,3816,0,2024,5,4,3,277684
498,Downtown,1485,4,2,33,0,0,,0,2022,7,5,4.7,377935
793,Downtown,2704,4,3,61,2,0,10554,0,2025,2,7,5.9,658774
965,Old Town,1946,2,1,13,2,0,5966,0,2026,3,4,8.1,253973
516,Downtown,2823,3,1.5,58,1,0,7517,0,2023,4,1,10.3,526491
1096,Old Town,3876,3,1,39,1,0,2682,1,2025,5,9,1.5,460365
543,Green Valley,2547,3,1,37,2,0,2447,0,2022,10,10,0.9,342324
457,Old Town,1506,4,1,70,3,0,7025,1,2025,2,4,1.4,194392
634,Hillcrest,940,4,1.5,34,0,1,5113,0,2024,8,10,2.2,255486
432,Hillcrest,2029,4,2.5,45,2,0,4084,0,2023,2,1,2.5,327875
628,West End,864,5,3.5,70,2,0,5745,0,2024,10,2,2.1,170336
729,West End,1952,4,2.5,11,1,0,4615,0,2023,9,4,11.9,322818
210,Old Town,1294,1,3,53,1,0,8384,1,2025,4,,20.8,192935
317,North Ridge,2808,4,2,28,1,0,7436,0,2024,4,10,4.9,568209
514,Old Town,2221,4,2,47,1,0,6471,1,2026,3,6,10.5,322206
830,Lakeside,1654,6,2.5,57,3,1,10522,0,2024,4,,8.3,442681
320,Hillcrest,1661,6,1,40,2,0,5242,1,2022,9,4,4.6,298920
1032,Downtown,1668,3,1.5,54,2,0,12565,0,2024,3,6,15.8,403312
142,North Ridge,1445,1,2,8,1,0,3919,0,2025,1,8,18,285420
1111,Lakeside,2115,4,1.5,42,1,0,3264,0,2025,6,9,0.5,470175
754,North Ridge,1594,3,1,4,1,0,3054,0,2024,8,8,14.7,331756
1002,West End,2178,4,2,71,1,0,6309,0,2024,10,6,17.2,323039
581,Downtown,2449,6,2,49,1,0,4340,0,2023,2,6,0.5,537869
563,Lakeside,1591,2,3.5,7,1,0,1949,1,2025,12,1,2.3,394898
399,Hillcrest,1510,1,2,3,0,0,7078,1,2025,2,9,9.2,294624
669,Lakeside,2158,3,,25,,0,,0,2022,1,4,17.2,426219
253,Lakeside,2211,6,2,39,0,0,6007,0,2026,6,4,22.9,461622
908,Lakeside,1083,5,1.5,4,2,0,6513,0,2024,1,9,1.2,363925
469,Hillcrest,1656,3,1.5,29,2,0,10031,0,2024,12,4,0.5,307231
915,Hillcrest,1691,2,2.5,64,1,0,8468,0,2023,11,8,34.5,235463
358,North Ridge,1945,3,1.5,70,1,0,11202,0,2024,6,9,0.5,395192
509,Downtown,2199,4,2.5,47,1,0,6699,0,2023,10,1,8,442846
750,Hillcrest,2603,5,3,42,2,0,4412,1,2026,2,10,3.8,470898
130,North Ridge,2253,3,2,68,2,0,5188,0,2023,11,7,11.3,392889
145,North Ridge,1337,4,2,33,2,0,6612,0,2025,7,1,2.1,302738
961,North Ridge,2270,4,1.5,72,2,0,8692,1,2022,5,10,4.6,404192
848,Downtown,1193,6,2.5,35,,0,7837,1,2026,1,7,14.1,395969
716,Downtown,2865,2,,39,2,0,4882,1,2024,3,,6.2,572323
906,Old Town,522,2,3,24,,0,5903,0,2026,11,5,0.6,112099
1097,Lakeside,1994,2,2,76,1,0,10958,0,2025,9,5,1.8,384772
236,Lakeside,3511,4,2,55,0,0,8009,0,2023,7,6,17.6,697296
1062,West End,2547,4,3,49,2,0,4640,0,2024,5,3,8.8,389084
